date,price_a,price_b,spread,zscore,position,hedge_ratio,raw_position,tradable_position,return_a,return_b,gross_strategy_return,transaction_cost,strategy_return,equity
2022-06-01,39.8903,177.9595,7.686421334930859,-0.4909253669307832,0,-0.7720244944194025,0,0.0,0.003905866601568997,-0.009546692134901558,-0.0,0.0,-0.0,11459.811091908636
2022-06-02,39.1354,182.0236,7.684748161960693,-0.4950037471171094,0,-0.7720244944194025,0,0.0,-0.018924400167459443,0.022837218580632035,-0.0,0.0,-0.0,11459.811091908636
2022-06-03,41.0226,181.0683,7.727781443653637,0.29150430980673037,0,-0.7720244944194025,0,0.0,0.048222325567133684,-0.0052482205604108545,0.0,0.0,0.0,11459.811091908636
2022-06-06,43.0562,177.4228,7.7604625557201645,0.8731927221159378,0,-0.7720244944194025,0,0.0,0.04957267457450287,-0.02013328672108816,0.0,0.0,0.0,11459.811091908636
2022-06-07,39.3212,166.7354,7.621756209379379,-1.5404774520596642,1,-0.7720244944194025,1,0.0,-0.08674708868873704,-0.06023690303613738,-0.0,0.0,-0.0,11459.811091908636
2022-06-08,40.3151,164.853,7.637952951413532,-1.1923756074516847,1,-0.7720244944194025,1,1.0,0.02527644120728767,-0.01128974410952921,0.016560482219003955,0.0008860122472097012,0.015674469971794253,11639.437556751192
2022-06-09,39.6405,158.51,7.590786658296039,-1.9007003692039737,1,-0.7720244944194025,1,1.0,-0.016733184340358753,-0.03847670348734944,-0.04643814189710496,0.0,-0.04643814189710496,11098.923703888287
2022-06-10,39.6071,152.8478,7.561861318085233,-2.2117161037679844,1,-0.7720244944194025,1,1.0,-0.000842572621435167,-0.03572140558955261,-0.02842037271165994,0.0,-0.02842037271165994,10783.488155525505
2022-06-13,40.5976,155.3136,7.598917079481014,-1.5121732883561139,1,-0.7720244944194025,1,1.0,0.02500814247950478,0.016132387904830736,0.037462741095509414,0.0,0.037462741095509414,11187.467180402451
2022-06-14,38.1976,157.5464,7.549000475255012,-2.1567724210535633,1,-0.7720244944194025,1,1.0,-0.0591167950814826,0.014376075243893727,-0.048018112859580256,0.0,-0.048018112859580256,10650.266118721036
2022-06-15,38.2108,151.6349,7.5198204041160945,-2.368612244120247,1,-0.7720244944194025,1,1.0,0.0003455714495150808,-0.03752227915077733,-0.028622547141327472,0.0,-0.028622547141327472,10345.42837467026
2022-06-16,38.8971,154.2547,7.550846277588734,-1.8024376388666867,1,-0.7720244944194025,1,1.0,0.017960890638248905,0.017277025275843627,0.03129917734190332,0.0,0.03129917734190332,10669.231772047024
2022-06-17,37.8403,155.694,7.530471360240592,-1.9554982254039732,1,-0.7720244944194025,1,1.0,-0.027169120577112515,0.009330671934145052,-0.019965613294560876,0.0,-0.019965613294560876,10456.21401633629
2022-06-20,37.1866,153.2884,7.501023645426214,-2.2193737658438453,1,-0.7720244944194025,1,1.0,-0.017275233018765768,-0.015450820198594672,-0.029203644670950914,0.0,-0.029203644670950914,10150.854457599788
2022-06-21,37.9517,155.572,7.532805800075586,-1.673578092628644,1,-0.7720244944194025,1,1.0,0.02057461558733542,0.014897409066831013,0.03207578029031466,0.0,0.03207578029031466,10476.45103494072
2022-06-22,37.8369,150.6073,7.50473735604777,-1.9389011254122483,1,-0.7720244944194025,1,1.0,-0.003024897435424556,-0.03191255495847578,-0.027662171542873214,0.0,-0.027662171542873214,10186.649649251678
2022-06-23,39.2658,147.0374,7.523286500595317,-1.594757371465487,1,-0.7720244944194025,1,1.0,0.037764721739888873,-0.023703366304289486,0.01946514235278188,0.0,0.01946514235278188,10384.934234772276
2022-06-24,37.9813,142.8783,7.467874239520642,-2.1645738429876342,1,-0.7720244944194025,1,1.0,-0.03271294612614539,-0.028286000704582648,-0.05455043151924767,0.0,-0.05455043151924767,9818.43159096644
2022-06-27,40.2095,139.7512,7.5077990606504095,-1.556783242899731,1,-0.7720244944194025,1,1.0,0.05866571181081226,-0.021886458615478888,0.041768829663566,0.0,0.041768829663566,10228.535987652893
2022-06-28,39.0606,142.243,7.492454176271817,-1.6416115471549142,1,-0.7720244944194025,1,1.0,-0.028572849699697755,0.017830258344829764,-0.014807453515663226,0.0,-0.014807453515663226,10077.077416482434
2022-06-29,41.3617,138.5131,7.529181020418343,-1.1288084285513267,1,-0.7720244944194025,1,1.0,0.05891102543227689,-0.026222028500523686,0.03866697713650893,0.0,0.03866697713650893,10466.72753854839
2022-06-30,40.4351,135.3736,7.488824055917635,-1.5607313050600162,1,-0.7720244944194025,1,1.0,-0.02240236740752921,-0.022665726202070413,-0.03990086321933123,0.0,-0.03990086321933123,10049.096074678764
2022-07-01,38.5516,132.8346,7.426506222822653,-2.1557264218050642,1,-0.7720244944194025,1,1.0,-0.04658081716132756,-0.01875550328867681,-0.06106052510534971,0.0,-0.06106052510534971,9435.49299152477
2022-07-04,40.7125,133.3682,7.484138819706731,-1.3831155667657256,1,-0.7720244944194025,1,1.0,0.05605214828956506,0.004017025684573294,0.059153390512767516,0.0,0.059153390512767516,9993.634393132916
2022-07-05,39.4787,132.4785,7.448197500168382,-1.691094964673665,0,-0.7720244944194025,1,1.0,-0.030305188824071072,-0.0066710055320533534,-0.0354553684972236,0.0,-0.0354553684972236,9639.30640309786
2022-07-06,39.8009,134.7966,7.469717745194517,-1.3726951372098357,1,-0.7720244944194025,1,0.0,0.00816136296281278,0.017497933626966056,0.0,0.0008860122472097012,-0.0008860122472097012,9630.765859570109
2022-07-07,41.0898,132.9057,7.490681651843142,-1.0841485304034701,1,-0.7720244944194025,1,1.0,0.032383689816059436,-0.014027801888178315,0.021553883155523035,0.0008860122472097012,0.020667870908313332,9829.813285103894
2022-07-08,38.5389,129.535,7.406757521160408,-1.864668104824321,1,-0.7720244944194025,1,1.0,-0.0620811004190821,-0.02536159096261481,-0.08166086985966649,0.0,-0.08166086985966649,9027.102181684204
2022-07-11,38.0479,128.2483,7.386228259860488,-1.9236358213470721,1,-0.7720244944194025,1,1.0,-0.012740374011712796,-0.009933222681128617,-0.02040906523006646,0.0,-0.02040906523006646,8842.867464419734
2022-07-12,39.8678,128.3506,7.433566924524631,-1.3691799471441686,1,-0.7720244944194025,1,1.0,0.047831812005393326,0.0007976713921353795,0.048447633858619464,0.0,0.048447633858619464,9271.283469596241
2022-07-13,39.1302,125.9876,7.400546660708546,-1.5899587979065328,1,-0.7720244944194025,1,1.0,-0.018501146288483428,-0.018410509962555555,-0.032714510934328755,0.0,-0.032714510934328755,8967.977965154872
2022-07-14,39.6696,126.6925,7.4185446990235135,-1.3413321893216683,1,-0.7720244944194025,1,1.0,0.01378474937516283,0.005594995063006092,0.018104222609959163,0.0,0.018104222609959163,9130.336234597245
2022-07-15,38.6986,131.3795,7.421808452729678,-1.2470401326284557,1,-0.7720244944194025,1,1.0,-0.024477181519349966,0.03699508652840544,0.004083931453744291,0.0,0.004083931453744291,9167.623901928979
2022-07-18,38.2323,129.8559,7.400680297159131,-1.37139184229928,1,-0.7720244944194025,1,1.0,-0.012049531507599687,-0.011596938639589993,-0.021002652197641983,0.0,-0.021002652197641983,8975.079485637974
2022-07-19,39.9199,129.9632,7.444512196355698,-0.9145971625804805,1,-0.7720244944194025,1,1.0,0.044140687324591976,0.0008263005377500132,0.04477861157948691,0.0,0.04477861157948691,9376.971083820377
2022-07-20,41.8215,133.5155,7.511866411029445,-0.24160576891318725,0,-0.7720244944194025,0,1.0,0.04763538986821114,0.0273331219914561,0.06873722955456889,0.0,0.06873722955456889,10021.518097735494
2022-07-21,41.9948,131.7836,7.505921795865548,-0.2624551544237811,0,-0.7720244944194025,0,0.0,0.004143801633131217,-0.012971527650347703,-0.0,0.0008860122472097012,-0.0008860122472097012,10012.638909965266
2022-07-22,41.7622,129.5543,7.487196043355284,-0.4111225816665635,0,-0.7720244944194025,0,0.0,-0.0055387809919322795,-0.016916368956379935,-0.0,0.0,-0.0,10012.638909965266
2022-07-25,42.4779,126.7338,7.487195116697202,-0.3721692001679379,0,-0.7720244944194025,0,0.0,0.017137507123666795,-0.021770794176650288,0.0,0.0,0.0,10012.638909965266
2022-07-26,42.8231,127.7269,7.501314941674693,-0.178808403384483,0,-0.7720244944194025,0,0.0,0.008126578762132741,0.007836110019584286,0.0,0.0,0.0,10012.638909965266
2022-07-27,42.4252,129.0256,7.499789932522834,-0.15097744800227253,0,-0.7720244944194025,0,0.0,-0.009291714051528288,0.010167787678241558,-0.0,0.0,-0.0,10012.638909965266
2022-07-28,43.8815,128.618,7.531097491741447,0.2752544366773831,0,-0.7720244944194025,0,0.0,0.03432629663501885,-0.0031590630076512305,0.0,0.0,0.0,10012.638909965266
2022-07-29,42.7756,128.6993,7.506060365233851,0.03794557160348202,0,-0.7720244944194025,0,0.0,-0.025201964381345365,0.0006321043710832974,-0.0,0.0,-0.0,10012.638909965266
2022-08-01,41.5182,131.9893,7.495711987641589,-0.016382927089377573,0,-0.7720244944194025,0,0.0,-0.029395262719868254,0.025563464603148622,-0.0,0.0,-0.0,10012.638909965266
2022-08-02,41.8675,134.2647,7.5172856970988144,0.41439991957286576,0,-0.7720244944194025,0,0.0,0.00841317783526252,0.017239276214056964,0.0,0.0,0.0,10012.638909965266
2022-08-03,42.2389,130.5177,7.504265754179707,0.2655311506404036,0,-0.7720244944194025,0,0.0,0.008870842538962309,-0.027907558725413395,-0.0,0.0,-0.0,10012.638909965266
2022-08-04,42.5689,130.4538,7.511670029422721,0.472888012137596,0,-0.7720244944194025,0,0.0,0.007812703455819081,-0.0004895887684198685,0.0,0.0,0.0,10012.638909965266
2022-08-05,41.6388,130.6866,7.4909549952179795,0.08455873839082616,0,-0.7720244944194025,0,0.0,-0.02184928433668698,0.0017845398140949875,-0.0,0.0,-0.0,10012.638909965266
2022-08-08,41.3535,132.5369,7.494933529056556,0.24325222642327346,0,-0.7720244944194025,0,0.0,-0.006851782472117485,0.014158299320664813,0.0,0.0,0.0,10012.638909965266
2022-08-09,41.479,131.8984,7.494235506983838,0.2663716084414554,0,-0.7720244944194025,0,0.0,0.0030348096291730187,-0.004817526288905194,-0.0,0.0,-0.0,10012.638909965266
2022-08-10,40.6199,130.1574,7.463048095570005,-0.4435072104773422,0,-0.7720244944194025,0,0.0,-0.02071168543118196,-0.013199553595798053,-0.0,0.0,-0.0,10012.638909965266
2022-08-11,40.6577,128.9189,7.4565969437336275,-0.5597674568311721,0,-0.7720244944194025,0,0.0,0.0009305783618374086,-0.009515402120816696,-0.0,0.0,-0.0,10012.638909965266
2022-08-12,42.152,124.3633,7.464916171747089,-0.31996050608774923,0,-0.7720244944194025,0,0.0,0.03675318574341402,-0.035336944389069536,0.0,0.0,0.0,10012.638909965266
2022-08-15,40.6857,124.246,7.428782197746056,-1.169871670986658,0,-0.7720244944194025,0,0.0,-0.034786012526096144,-0.0009432043054502515,-0.0,0.0,-0.0,10012.638909965266
2022-08-16,41.2132,122.7173,7.432106344139777,-1.0377301614860315,0,-0.7720244944194025,0,0.0,0.012965243316447772,-0.012303816621863084,0.0,0.0,0.0,10012.638909965266
2022-08-17,40.9229,123.8102,7.431882646348897,-0.9926923836441937,0,-0.7720244944194025,0,0.0,-0.007043859734259916,0.008905834792649392,-0.0,0.0,-0.0,10012.638909965266
2022-08-18,40.8774,121.2367,7.414553872201537,-1.3564259727271974,0,-0.7720244944194025,0,0.0,-0.0011118469121200736,-0.020785848015753117,-0.0,0.0,-0.0,10012.638909965266
2022-08-19,40.4366,120.1245,7.396596767897165,-1.6936437613449047,1,-0.7720244944194025,1,0.0,-0.010783464701766832,-0.009173789784776454,-0.0,0.0,-0.0,10012.638909965266
2022-08-22,41.4702,117.7359,7.4063306502256125,-1.380436847001766,1,-0.7720244944194025,1,1.0,0.02556100166680686,-0.019884369966160054,0.010209780996833792,0.0008860122472097012,0.009323768749624092,10105.99443973527
2022-08-23,40.2534,115.1912,7.359680808578459,-2.2562827511879386,1,-0.7720244944194025,1,1.0,-0.029341551282607736,-0.021613628468462043,-0.04602780187354095,0.0,-0.04602780187354095,9640.83772992803
2022-08-24,39.2434,116.7506,7.344650779217363,-2.369599947280929,1,-0.7720244944194025,1,1.0,-0.02509104820959218,0.013537492447339927,-0.014639772447228095,0.0,-0.014639772447228095,9499.698059361232
2022-08-25,39.9368,115.6046,7.354550234722552,-1.9893574888966512,1,-0.7720244944194025,1,1.0,0.01766921316705483,-0.009815795379210068,0.01009117870209587,0.0,0.01009117870209587,9595.561210094198
2022-08-26,39.0651,116.5684,7.338891231281263,-2.130076692507526,1,-0.7720244944194025,1,1.0,-0.02182698663888938,0.008337038491547766,-0.015390588712497117,0.0,-0.015390588712497117,9447.879874044049
2022-08-29,37.7243,113.9202,7.286225055358411,-2.736229805591701,1,-0.7720244944194025,1,1.0,-0.03432219551466653,-0.02271799218313031,-0.051861041944071644,0.0,-0.051861041944071644,8957.9029796137
2022-08-30,38.1817,114.0718,7.299303642757787,-2.275693095426115,1,-0.7720244944194025,1,1.0,0.012124810798344932,0.001330756090667018,0.013152187096437677,0.0,0.013152187096437677,9075.718995593315
2022-08-31,38.715,110.2138,7.286612178288581,-2.2453955090163484,1,-0.7720244944194025,1,1.0,0.013967424184884392,-0.0338208040900555,-0.012143064993598365,0.0,-0.012143064993598365,8965.51194996619
2022-09-01,38.1387,109.0946,7.2637347332433055,-2.3341097897357703,1,-0.7720244944194025,1,1.0,-0.014885703215807955,-0.010154808200062093,-0.022725463882386894,0.0,-0.022725463882386894,8761.766531960126
2022-09-02,39.9391,107.9324,7.301592405916168,-1.7061048402658467,1,-0.7720244944194025,1,1.0,0.0472066431210294,-0.010653139568777892,0.03898215843146432,0.0,0.03898215843146432,9103.319103048496
2022-09-05,39.7717,109.1239,7.305868140754452,-1.575267775334608,1,-0.7720244944194025,1,1.0,-0.004191381378148229,0.011039317202248933,0.0043312419036534155,0.0,0.0043312419036534155,9142.74778020995
2022-09-06,40.5475,109.4421,7.327434573215111,-1.235794697744846,1,-0.7720244944194025,1,1.0,0.019506332392128067,0.0029159515010002135,0.021757518375439256,0.0,0.021757518375439256,9341.671283039874
2022-09-07,40.1634,108.9833,7.314673318364049,-1.339553663970047,1,-0.7720244944194025,1,1.0,-0.00947284049571484,-0.004192171020110158,-0.012709299208035056,0.0,-0.012709299208035056,9222.94518760061
2022-09-08,40.9291,110.7451,7.345939061122607,-0.9185429774520064,1,-0.7720244944194025,1,1.0,0.019064621023120454,0.01616577952768905,0.03154499878988012,0.0,0.03154499878988012,9513.882982382602
2022-09-09,41.9648,111.0889,7.373321911908828,-0.5651162086161949,1,-0.7720244944194025,1,1.0,0.025304734284408825,0.0031044262906441134,0.027701427421905647,0.0,0.027701427421905647,9777.431121319576
2022-09-12,41.5617,112.2074,7.3714040775237475,-0.5774707670753492,1,-0.7720244944194025,1,1.0,-0.00960566951349695,0.01006851269568787,-0.0018325310900531872,0.0,-0.0018325310900531872,9759.513674808904
2022-09-13,40.951,113.8555,7.367858246991766,-0.5952941449372037,1,-0.7720244944194025,1,1.0,-0.014693816662937342,0.014687979580669364,-0.0033543366531285698,0.0,-0.0033543366531285698,9726.776980372782
2022-09-14,42.4817,113.6191,7.402950778656815,-0.13869385807397439,0,-0.7720244944194025,0,1.0,0.037378818588068574,-0.0020763160321636276,0.03577585175308255,0.0,0.03577585175308255,10074.760711657897
2022-09-15,41.9326,112.8688,7.384825868999611,-0.33035128467061253,0,-0.7720244944194025,0,0.0,-0.012925565596480282,-0.006603643225478906,-0.0,0.0008860122472097012,-0.0008860122472097012,10065.834350279662
2022-09-16,43.4962,113.5221,7.425891579902585,0.20658354073678384,0,-0.7720244944194025,0,0.0,0.03728841044914932,0.005788136314021308,0.0,0.0,0.0,10065.834350279662
2022-09-19,44.1262,112.4933,7.433243303740802,0.32072200159862857,0,-0.7720244944194025,0,0.0,0.014484023891742082,-0.009062552577868033,0.0,0.0,0.0,10065.834350279662
2022-09-20,43.5323,113.2798,7.425071633810228,0.24470583995249284,0,-0.7720244944194025,0,0.0,-0.013459124057815908,0.006991527495415095,-0.0,0.0,-0.0,10065.834350279662
2022-09-21,43.6106,115.7249,7.443355233546548,0.5107175028171689,0,-0.7720244944194025,0,0.0,0.0017986644399674567,0.021584607317456594,0.0,0.0,0.0,10065.834350279662
2022-09-22,44.9304,117.6246,7.485740011166749,1.1135652914102083,0,-0.7720244944194025,0,0.0,0.030263284614290953,0.01641565471216655,0.0,0.0,0.0,10065.834350279662
2022-09-23,43.955,116.6389,7.45729490481553,0.7573361949520223,0,-0.7720244944194025,0,0.0,-0.021709132346918847,-0.008380049751497531,-0.0,0.0,-0.0,10065.834350279662
2022-09-26,44.3313,113.5921,7.445384874838474,0.6204638442056469,0,-0.7720244944194025,0,0.0,0.008561028324422626,-0.026121645523063064,-0.0,0.0,-0.0,10065.834350279662
2022-09-27,45.7462,113.3743,7.4753209385978705,1.0792038189305488,0,-0.7720244944194025,0,0.0,0.031916501433524536,-0.0019173868605298905,0.0,0.0,0.0,10065.834350279662
2022-09-28,45.9226,112.9988,7.476608362749605,1.1226736346342472,0,-0.7720244944194025,0,0.0,0.0038560579895161595,-0.0033120380897611046,0.0,0.0,0.0,10065.834350279662
2022-09-29,42.2991,115.4286,7.4108415899043365,0.2079419040262792,0,-0.7720244944194025,0,0.0,-0.07890450453589304,0.02150288321645899,-0.0,0.0,-0.0,10065.834350279662
2022-09-30,44.0248,114.4561,7.444296936808737,0.7457277517092152,0,-0.7720244944194025,0,0.0,0.04079755834048471,-0.008425121676950087,0.0,0.0,0.0,10065.834350279662
2022-10-03,43.1013,113.8859,7.419241283002678,0.40034778431687407,0,-0.7720244944194025,0,0.0,-0.020976813068997457,-0.004981822725044771,-0.0,0.0,-0.0,10065.834350279662
2022-10-04,43.0784,115.4753,7.429409773882446,0.6051405046455886,0,-0.7720244944194025,0,0.0,-0.0005313064803149636,0.013956073578906603,0.0,0.0,0.0,10065.834350279662
2022-10-05,42.1216,114.2852,7.3989508895637375,0.1356731865451463,0,-0.7720244944194025,0,0.0,-0.02221066706284358,-0.010306100092400738,-0.0,0.0,-0.0,10065.834350279662
2022-10-06,41.8685,113.8277,7.389827243605225,0.011805887020508747,0,-0.7720244944194025,0,0.0,-0.006008793588087924,-0.0040031430141436175,-0.0,0.0,-0.0,10065.834350279662
2022-10-07,41.7395,117.6924,7.412518182511323,0.42597814366463055,0,-0.7720244944194025,0,0.0,-0.0030810752713853473,0.033952192656093505,0.0,0.0,0.0,10065.834350279662
2022-10-10,41.1447,121.1444,7.420483668836611,0.5682643941050756,0,-0.7720244944194025,0,0.0,-0.014250290492219597,0.029330695949780994,0.0,0.0,0.0,10065.834350279662
2022-10-11,41.7776,122.5742,7.444807282460225,0.9784476220733076,0,-0.7720244944194025,0,0.0,0.015382297112386256,0.011802444025477143,0.0,0.0,0.0,10065.834350279662
2022-10-12,42.7015,123.1297,7.470171891384254,1.3735508112968307,0,-0.7720244944194025,0,0.0,0.02211472176477347,0.004531948811413722,0.0,0.0,0.0,10065.834350279662
2022-10-13,42.6089,120.6693,7.452418046718707,1.044848913799411,0,-0.7720244944194025,0,0.0,-0.0021685420886855544,-0.01998218139084229,-0.0,0.0,-0.0,10065.834350279662
2022-10-14,43.4329,121.9194,7.479528925709721,1.4235716841438995,0,-0.7720244944194025,0,0.0,0.01933868276346007,0.010359718669122886,0.0,0.0,0.0,10065.834350279662
2022-10-17,44.3432,121.9579,7.500514831714193,1.6634714166159037,-1,-0.7720244944194025,-1,0.0,0.02095876628086102,0.00031578239394214336,0.0,0.0,0.0,10065.834350279662
2022-10-18,42.3619,122.3932,7.457555487506569,0.9450048001246555,-1,-0.7720244944194025,-1,-1.0,-0.04468103339407181,0.0035692644756919467,0.0419254737917766,0.0008860122472097012,0.0410394615445669,10478.930772011943
2022-10-19,41.4094,121.0308,7.426172169823431,0.4286185581543671,0,-0.7720244944194025,0,-1.0,-0.022484827167808863,-0.011131337361879545,0.031078492266825724,0.0,0.031078492266825724,10804.600140974519
2022-10-20,41.8108,120.8998,7.434982872970281,0.5362353366592534,0,-0.7720244944194025,0,0.0,0.009693451245369467,-0.001082369115960602,0.0,0.0008860122472097012,-0.0008860122472097012,10795.027132923411
2022-10-21,41.2076,120.3543,7.416959641582352,0.22593868663712283,0,-0.7720244944194025,0,0.0,-0.014426894486591957,-0.004512000846982445,-0.0,0.0,-0.0,10795.027132923411
2022-10-24,41.6853,121.0124,7.432695432481876,0.436340427150289,0,-0.7720244944194025,0,0.0,0.011592521767829211,0.005468022330735289,0.0,0.0,0.0,10795.027132923411
2022-10-25,42.6598,124.4061,7.477156712459028,1.1287605829849456,0,-0.7720244944194025,0,0.0,0.023377545561624746,0.028044233483510705,0.0,0.0,0.0,10795.027132923411
2022-10-26,41.0671,125.2014,7.444026671128773,0.5282629286555803,0,-0.7720244944194025,0,0.0,-0.03733491483785656,0.006392773344715552,-0.0,0.0,-0.0,10795.027132923411
2022-10-27,41.6939,121.023,7.4329693409486275,0.2810603071397354,0,-0.7720244944194025,0,0.0,0.015262825960440152,-0.03337342873162763,-0.0,0.0,-0.0,10795.027132923411
2022-10-28,42.4084,118.6011,7.434354603229432,0.2619036901493083,0,-0.7720244944194025,0,0.0,0.01713679938792012,-0.02001189856473562,0.0,0.0,0.0,10795.027132923411
2022-10-31,40.814,114.8128,7.37097124167563,-1.236243671048576,0,-0.7720244944194025,0,0.0,-0.037596325256317176,-0.031941524994287596,-0.0,0.0,-0.0,10795.027132923411
2022-11-01,41.351,112.9129,7.371160492434214,-1.3194060209447918,0,-0.7720244944194025,0,0.0,0.013157249963247963,-0.016547806516346686,0.0,0.0,0.0,10795.027132923411
2022-11-02,40.1789,114.0827,7.350363048120004,-1.9530888785717866,1,-0.7720244944194025,1,0.0,-0.02834514280186695,0.010360197993320552,-0.0,0.0,-0.0,10795.027132923411
2022-11-03,39.849,114.9013,7.347638255354644,-2.029307604462603,1,-0.7720244944194025,1,1.0,-0.008210777298532368,0.007175496372368473,-0.002671118339446341,0.0008860122472097012,-0.0035571305866560422,10756.627811725108
2022-11-04,39.718,113.4388,7.334455784988384,-2.240832494019731,1,-0.7720244944194025,1,1.0,-0.0032874099726465378,-0.012728315519493716,-0.013113981326394308,0.0,-0.013113981326394308,10615.565595467171
2022-11-07,41.2447,113.9464,7.375620759953236,-1.228709387781163,1,-0.7720244944194025,1,1.0,0.03843849136411692,0.004474659463957531,0.04189303807447773,0.0,0.04189303807447773,11060.283889140195
2022-11-08,40.7077,112.1418,7.350190789196881,-1.8162334004090332,1,-0.7720244944194025,1,1.0,-0.013019854672236653,-0.0158372708571749,-0.02524661569873024,0.0,-0.02524661569873024,10781.049152272215
2022-11-09,41.0512,108.9135,7.33604264017163,-2.0119233241480603,1,-0.7720244944194025,1,1.0,0.008438207022258615,-0.028787659909150776,-0.013786571564621215,0.0,-0.013786571564621215,10632.415446592715
2022-11-10,41.416,105.8084,7.322559755085848,-2.1646384592985735,1,-0.7720244944194025,1,1.0,0.008886463733094097,-0.028509780697525966,-0.013123785295921425,0.0,-0.013123785295921425,10492.877909094595
2022-11-11,41.9593,103.9204,7.321692514712412,-2.010623256090862,1,-0.7720244944194025,1,1.0,0.0131181186015068,-0.017843573856139994,-0.0006575574834149448,0.0,-0.0006575574834149448,10485.978238702912
2022-11-14,42.6605,106.817,7.359490243251166,-1.1697333119054534,1,-0.7720244944194025,1,1.0,0.016711432268889048,0.027873256838888194,0.03823026928775386,0.0,0.03823026928775386,10886.86001051405
2022-11-15,42.9084,103.9064,7.343956011855702,-1.4069839655508949,1,-0.7720244944194025,1,1.0,0.005810996120533041,-0.02724847168521849,-0.015225491455949168,0.0,-0.015225491455949168,10721.102216441854
2022-11-16,44.3538,106.4248,7.395575337613968,-0.36109193463771805,0,-0.7720244944194025,0,1.0,0.03368571188858116,0.024237198093668866,0.052397422492988774,0.0,0.052397422492988774,11282.860338867276
2022-11-17,42.8262,109.1878,7.380314545815342,-0.6258555236650052,0,-0.7720244944194025,0,0.0,-0.03444124291492501,0.02596199382098896,-0.0,0.0008860122472097012,-0.0008860122472097012,11272.863586423482
2022-11-18,43.5228,108.6965,7.392967789518746,-0.33949494390158225,0,-0.7720244944194025,0,0.0,0.016265743867071913,-0.004499586950190371,0.0,0.0,0.0,11272.863586423482
2022-11-21,43.0678,108.4947,7.381023838172258,-0.5533995027878117,0,-0.7720244944194025,0,0.0,-0.01045429062468406,-0.0018565455189449853,-0.0,0.0,-0.0,11272.863586423482
2022-11-22,42.7318,107.0805,7.363062295962349,-0.8792387111727561,0,-0.7720244944194025,0,0.0,-0.007801652278500382,-0.013034738102414178,-0.0,0.0,-0.0,11272.863586423482
2022-11-23,41.153,106.9326,7.32434869040247,-1.6021259108127237,1,-0.7720244944194025,1,0.0,-0.036946723517380486,-0.0013812038606469956,-0.0,0.0,-0.0,11272.863586423482
2022-11-24,41.7328,108.25,7.347792412317375,-1.065392537154731,1,-0.7720244944194025,1,1.0,0.014088887808908268,0.012319909924569439,0.023600160039716565,0.0008860122472097012,0.022714147792506863,11528.917075970274
2022-11-25,41.2191,108.1724,7.3348531318536025,-1.2617818099199485,1,-0.7720244944194025,1,1.0,-0.012309262738182003,-0.0007168591224019361,-0.012862695539724293,0.0,-0.012862695539724293,11380.624125719338
2022-11-28,42.1903,110.247,7.3728079172494985,-0.4671490058357474,0,-0.7720244944194025,0,1.0,0.023561892423658026,0.019178644460139616,0.03836827571664679,0.0,0.03836827571664679,11817.27905000246
2022-11-29,41.0914,112.7867,7.363999385773433,-0.6135595574846675,0,-0.7720244944194025,0,0.0,-0.02604627129932713,0.023036454506698556,-0.0,0.0008860122472097012,-0.0008860122472097012,11806.808796035464
2022-11-30,42.8687,113.459,7.410930717302989,0.3341685439664766,0,-0.7720244944194025,0,0.0,0.043252359374467586,0.005960809208887197,0.0,0.0,0.0,11806.808796035464
2022-12-01,42.5576,114.0978,7.407981696871891,0.2648562798777507,0,-0.7720244944194025,0,0.0,-0.0072570430173996,0.005630227659330744,-0.0,0.0,-0.0,11806.808796035464
2022-12-02,42.9731,113.8531,7.41604008156046,0.4262650739643185,0,-0.7720244944194025,0,0.0,0.009763238528488483,-0.002144651342970705,0.0,0.0,0.0,11806.808796035464
2022-12-05,42.6509,114.5372,7.413139039629732,0.37179973773167896,0,-0.7720244944194025,0,0.0,-0.007497713686003604,0.006008619879476207,-0.0,0.0,-0.0,11806.808796035464
2022-12-06,42.0352,111.9143,7.38071310532127,-0.25750061502154054,0,-0.7720244944194025,0,0.0,-0.01443580323041238,-0.022899983586118777,-0.0,0.0,-0.0,11806.808796035464
2022-12-07,42.3361,112.7192,7.393378506359498,0.04402559063591552,0,-0.7720244944194025,0,0.0,0.007158286388550428,0.007192110391612161,0.0,0.0,0.0,11806.808796035464
2022-12-08,41.5451,113.0768,7.376963299956076,-0.2710626678149412,0,-0.7720244944194025,0,0.0,-0.018683818301638677,0.0031724852553958183,-0.0,0.0,-0.0,11806.808796035464
2022-12-09,41.3181,111.0439,7.3574786050873575,-0.6591388351143902,0,-0.7720244944194025,0,0.0,-0.005463941596000388,-0.01797804677882653,-0.0,0.0,-0.0,11806.808796035464
2022-12-12,42.8509,115.8093,7.426344486252216,1.0375953731599803,0,-0.7720244944194025,0,0.0,0.037097543207456285,0.04291455901674923,0.0,0.0,0.0,11806.808796035464
2022-12-13,42.4241,113.4783,7.400636672822143,0.4540140596357586,0,-0.7720244944194025,0,0.0,-0.009960117523786005,-0.02012791718799778,-0.0,0.0,-0.0,11806.808796035464
2022-12-14,41.9167,111.4228,7.374492050118695,-0.19230926260238648,0,-0.7720244944194025,0,0.0,-0.011960183009185887,-0.018113595286499806,-0.0,0.0,-0.0,11806.808796035464
2022-12-15,41.5838,111.9384,7.370082643592085,-0.27245713531579785,0,-0.7720244944194025,0,0.0,-0.007941941994479618,0.004627419163761859,-0.0,0.0,-0.0,11806.808796035464
2022-12-16,41.3346,107.5913,7.333492832293373,-1.1961197889437976,0,-0.7720244944194025,0,0.0,-0.005992718318191148,-0.03883475197072672,-0.0,0.0,-0.0,11806.808796035464
2022-12-19,41.091,105.805,7.314656786617196,-1.611835849173883,1,-0.7720244944194025,1,0.0,-0.005893367783890491,-0.016602643522292237,-0.0,0.0,-0.0,11806.808796035464
2022-12-20,42.1475,102.5365,7.315817724114185,-1.5862928812882167,1,-0.7720244944194025,1,1.0,0.0257112263025967,-0.030891734795142067,0.0018620503656388843,0.0008860122472097012,0.0009760381184291831,11818.3326914774
2022-12-21,40.2242,100.482,7.253485207889705,-3.0055148995998002,1,-0.7720244944194025,1,1.0,-0.045632599798327234,-0.020036767395025246,-0.061101475016270765,0.0,-0.061101475016270765,11096.215131795117
2022-12-22,42.3746,100.1207,7.302784582336113,-1.618131518566935,1,-0.7720244944194025,1,1.0,0.053460354711839964,-0.003595668876017588,0.05068441026573291,0.0,0.05068441026573291,11658.620251931856
2022-12-23,42.4258,100.6647,7.308175519289351,-1.421504830005356,1,-0.7720244944194025,1,1.0,0.0012082709925285151,0.005433441835704267,0.005403021178695332,0.0,0.005403021178695332,11721.61202406741
2022-12-26,43.3345,102.8086,7.345637437427017,-0.3750683448992543,0,-0.7720244944194025,0,1.0,0.021418570775330048,0.021297435943284926,0.0378607129918742,0.0,0.0378607129918742,12165.400612712727
2022-12-27,43.12,104.3758,7.352355115120507,-0.17797343509024258,0,-0.7720244944194025,0,0.0,-0.004949866734357156,0.015243860922140806,0.0,0.0008860122472097012,-0.0008860122472097012,12154.62191877765
2022-12-28,41.7674,106.7703,7.337995340559207,-0.5620205466577635,0,-0.7720244944194025,0,0.0,-0.031368274582560196,0.022941141528975084,-0.0,0.0,-0.0,12154.62191877765
2022-12-29,41.272,107.9273,7.33438443551782,-0.6489436852341388,0,-0.7720244944194025,0,0.0,-0.011860925027653235,0.010836346811800679,-0.0,0.0,-0.0,12154.62191877765
2022-12-30,41.0221,106.8193,7.3203443787390565,-1.0137051753424537,0,-0.7720244944194025,0,0.0,-0.0060549525101762924,-0.010266169912524492,-0.0,0.0,-0.0,12154.62191877765
2023-01-02,41.3219,109.1181,7.344064127779202,-0.3516086006144341,0,-0.7720244944194025,0,0.0,0.007308255793828211,0.021520455573103447,0.0,0.0,0.0,12154.62191877765
2023-01-03,41.1465,107.9545,7.331533542660658,-0.674464944307677,0,-0.7720244944194025,0,0.0,-0.004244722532119716,-0.010663675412236895,-0.0,0.0,-0.0,12154.62191877765
2023-01-04,40.0033,106.5348,7.293136448699731,-1.6264498958653923,1,-0.7720244944194025,1,0.0,-0.027783651100336648,-0.013150910800383442,-0.0,0.0,-0.0,12154.62191877765
2023-01-05,40.6063,109.7301,7.330912609809543,-0.6496180746370352,1,-0.7720244944194025,1,1.0,0.015073756415095563,0.029993016366482994,0.03822909971154246,0.0008860122472097012,0.03734308746433276,12608.51302818646
2023-01-06,38.8993,111.3609,7.2993549792859955,-1.4362278815017064,1,-0.7720244944194025,1,1.0,-0.04203781186663158,0.014861920293520292,-0.03056404536592512,0.0,-0.03056404536592512,12223.145863996113
2023-01-09,39.9506,111.7397,7.328644040489819,-0.6589315120511547,1,-0.7720244944194025,1,1.0,0.027026193273400834,0.0034015529687709822,0.029652275484357067,0.0,0.029652275484357067,12585.589952440805
2023-01-10,38.9491,113.3188,7.314089855078366,-0.9998389891334163,1,-0.7720244944194025,1,1.0,-0.025068459547541222,0.014131951311843416,-0.014158246980855698,0.0,-0.014158246980855698,12407.400061494374
2023-01-11,40.0604,115.2108,7.355006001691848,0.06094903673399138,0,-0.7720244944194025,0,1.0,0.02853210985619703,0.01669625869670366,0.041422030535215225,0.0,0.041422030535215225,12921.339765704224
2023-01-12,40.8054,112.0067,7.3516573133503496,-0.00663315410257723,0,-0.7720244944194025,0,0.0,0.018596918652834082,-0.02781076079673095,-0.0,0.0008860122472097012,-0.0008860122472097012,12909.891300421452
2023-01-13,40.4079,111.6858,7.339653167884359,-0.2862294089800614,0,-0.7720244944194025,0,0.0,-0.00974135776147278,-0.002865007182605961,-0.0,0.0,-0.0,12909.891300421452
2023-01-16,39.994,108.9777,7.310406957331557,-1.0010680354596346,0,-0.7720244944194025,0,0.0,-0.010243046532979916,-0.02424748714697844,-0.0,0.0,-0.0,12909.891300421452
2023-01-17,39.8097,109.1351,7.306902371001719,-1.042510315432028,0,-0.7720244944194025,0,0.0,-0.0046081912286842774,0.0014443321890624805,-0.0,0.0,-0.0,12909.891300421452
2023-01-18,40.2181,107.5747,7.30599093074294,-1.0437899208499182,0,-0.7720244944194025,0,0.0,0.010258806270833531,-0.014297874835868418,-0.0,0.0,-0.0,12909.891300421452
2023-01-19,40.6402,110.4235,7.336610289727495,-0.2562059470108159,0,-0.7720244944194025,0,0.0,0.010495274515703201,0.026482063161691327,0.0,0.0,0.0,12909.891300421452
2023-01-20,41.1626,111.4616,7.356606601689549,0.23916084540722082,0,-0.7720244944194025,0,0.0,0.012854267449471157,0.009401078574759802,0.0,0.0,0.0,12909.891300421452
2023-01-23,39.3496,109.5587,7.298268336241199,-1.183653529534557,0,-0.7720244944194025,0,0.0,-0.044044836817887956,-0.01707224730310708,-0.0,0.0,-0.0,12909.891300421452
2023-01-24,39.1884,109.4084,7.293103468929367,-1.2463514143955217,0,-0.7720244944194025,0,0.0,-0.004096610893122188,-0.001371867318615494,-0.0,0.0,-0.0,12909.891300421452
2023-01-25,39.2903,106.6849,7.2762391294356235,-1.5852498373597428,1,-0.7720244944194025,1,0.0,0.0026002592603933117,-0.024892969826813993,-0.0,0.0,-0.0,12909.891300421452
2023-01-26,39.8475,106.664,7.2901698708620195,-1.1901096501476491,1,-0.7720244944194025,1,1.0,0.014181617345756958,-0.00019590401265778823,0.014030374649430096,0.0008860122472097012,0.013144362402220396,13079.583590247466
2023-01-27,38.3276,107.7276,7.258940579587317,-1.8906379340916177,1,-0.7720244944194025,1,1.0,-0.03814291988205032,0.0099714992874822,-0.030444678186028442,0.0,-0.030444678186028442,12681.379877035122
2023-01-30,40.7213,108.1863,7.322801885446744,-0.22267771836600517,0,-0.7720244944194025,0,1.0,0.062453688725618184,0.004257961747964334,0.0657409394913475,0.0,0.0657409394913475,13515.06570419808
2023-01-31,40.0239,103.989,7.274978650721993,-1.4322212921228124,0,-0.7720244944194025,0,0.0,-0.017126172298035702,-0.03879696412577194,-0.0,0.0008860122472097012,-0.0008860122472097012,13503.091190462315
2023-02-01,39.7944,103.1899,7.263272565578964,-1.6647293997582544,1,-0.7720244944194025,1,0.0,-0.005734073890850122,-0.007684466626277864,-0.0,0.0,-0.0,13503.091190462315
2023-02-02,40.6945,104.1382,7.292701704728055,-0.8308101874677138,1,-0.7720244944194025,1,1.0,0.02261876042860278,0.009189852882888871,0.02971355195430375,0.0008860122472097012,0.028827539707094046,13892.35208792388
2023-02-03,41.5199,104.6699,7.316713295615184,-0.14794461467164907,0,-0.7720244944194025,0,1.0,0.020282839204315062,0.005105715289874357,0.024224576469629725,0.0,0.024224576469629725,14228.888433420814
2023-02-06,41.6359,107.0132,7.336596328847255,0.5233112589235296,0,-0.7720244944194025,0,0.0,0.0027938410256287405,0.022387524971362316,0.0,0.0008860122472097012,-0.0008860122472097012,14216.281464004624
2023-02-07,41.8742,104.1925,7.321681088055822,0.13111622534315412,0,-0.7720244944194025,0,0.0,0.00572342617788979,-0.026358430548754752,-0.0,0.0,-0.0,14216.281464004624
2023-02-08,40.3341,105.1805,7.291494658851004,-0.8648589699745698,0,-0.7720244944194025,0,0.0,-0.036779210110282734,0.009482448352808426,-0.0,0.0,-0.0,14216.281464004624
2023-02-09,40.8356,103.7143,7.293014026967201,-0.7753580276596759,0,-0.7720244944194025,0,0.0,0.012433647955452098,-0.013939846264279021,0.0,0.0,0.0,14216.281464004624
2023-02-10,40.9728,104.0121,7.298581784564769,-0.5373534241021868,0,-0.7720244944194025,0,0.0,0.0033598134960670656,0.002871349466756268,0.0,0.0,0.0,14216.281464004624
2023-02-13,40.1197,104.7504,7.283001474620194,-1.0731353554388916,0,-0.7720244944194025,0,0.0,-0.020821130115588837,0.0070982126118017685,-0.0,0.0,-0.0,14216.281464004624
2023-02-14,40.491,106.0885,7.302013234776238,-0.36063390169807863,0,-0.7720244944194025,0,0.0,0.009254804996049248,0.012774175564007395,0.0,0.0,0.0,14216.281464004624
2023-02-15,40.1317,104.7634,7.283396340624115,-1.1239323041242608,0,-0.7720244944194025,0,0.0,-0.008873576844236952,-0.012490514994556334,-0.0,0.0,-0.0,14216.281464004624
2023-02-16,40.5817,105.0421,7.296598095475776,-0.6077221553874614,0,-0.7720244944194025,0,0.0,0.011213080931034458,0.0026602802123643077,0.0,0.0,0.0,14216.281464004624
2023-02-17,39.4649,102.5109,7.24986124941972,-2.193568596193723,1,-0.7720244944194025,1,0.0,-0.027519793404416237,-0.024097004915172082,-0.0,0.0,-0.0,14216.281464004624
2023-02-20,39.2303,99.5569,7.221325150084121,-2.8204445363874875,1,-0.7720244944194025,1,1.0,-0.005944522854485879,-0.0288164478118913,-0.028191526407424356,0.0008860122472097012,-0.02907753865463406,13802.90699020987
2023-02-21,40.1194,100.5632,7.251500036045648,-1.732673806355428,1,-0.7720244944194025,1,1.0,0.02266360440781745,0.01010778760688602,0.03046706402472233,0.0,0.03046706402472233,14223.441041207885
2023-02-22,38.7597,100.3491,7.215375675674821,-2.57816036992033,1,-0.7720244944194025,1,1.0,-0.033891334366914716,-0.0021290094189523323,-0.03553498178719554,0.0,-0.03553498178719554,13718.011322857314
2023-02-23,39.6095,97.052,7.211271676679994,-2.4271756809771916,1,-0.7720244944194025,1,1.0,0.02192483429954284,-0.032856298661373184,-0.003441033062996684,0.0,-0.003441033062996684,13670.807192336799
2023-02-24,39.5902,95.3166,7.196854713264113,-2.5133180627459693,1,-0.7720244944194025,1,1.0,-0.00048725684494865806,-0.017881135885917,-0.014291931736918364,0.0,-0.014291931736918364,13475.424949155347
2023-02-27,39.1519,95.2527,7.185204316155931,-2.5205813440347176,1,-0.7720244944194025,1,1.0,-0.011070921591707195,-0.0006703973914301553,-0.011588484798886146,0.0,-0.011588484798886146,13319.26519197353
2023-02-28,38.3619,98.1571,7.188008590813794,-2.2343406871462586,1,-0.7720244944194025,1,1.0,-0.020177820233500787,0.030491524124775404,0.0033623832630059573,0.0,0.0033623832630059573,13364.04966633056
2023-03-01,39.2825,100.1233,7.227034631468303,-1.3005755380047361,1,-0.7720244944194025,1,1.0,0.023997768619385296,0.020031154139639407,0.03946231026667753,0.0,0.03946231026667753,13891.425940682584
2023-03-02,39.5363,101.6264,7.244978614879974,-0.8659549093437268,1,-0.7720244944194025,1,1.0,0.006460892254820827,0.015012489600322754,0.01805090194848654,0.0,0.01805090194848654,14142.178708262507
2023-03-03,38.9765,97.9595,7.202346983178893,-1.6779572917258256,1,-0.7720244944194025,1,1.0,-0.014159139828461287,-0.03608215975376472,-0.04201545096992161,0.0,-0.04201545096992161,13547.988692137633
2023-03-06,40.1421,97.6657,7.229494807624111,-1.0539925947858682,1,-0.7720244944194025,1,1.0,0.029905199286749617,-0.002999198648421131,0.02758974446653894,0.0,0.02758974446653894,13921.774238189271
2023-03-07,38.6857,98.4971,7.19908337868037,-1.586315784041855,1,-0.7720244944194025,1,1.0,-0.03628111135192236,0.008512712241861786,-0.029709088987261153,0.0,-0.029709088987261153,13508.171008486348
2023-03-08,40.7886,99.1703,7.257274606855669,-0.36300602627966666,0,-0.7720244944194025,0,1.0,0.054358587281605475,0.006834718991726607,0.0596351577556919,0.0,0.0596351577556919,14313.732917568295
2023-03-09,39.5181,99.8923,7.231231060904587,-0.8698867047679711,0,-0.7720244944194025,0,0.0,-0.031148409114311493,0.007280405524638045,-0.0,0.0008860122472097012,-0.0008860122472097012,14301.05077490004
2023-03-10,40.5646,99.3219,7.252947021286719,-0.3640387557505705,0,-0.7720244944194025,0,0.0,0.026481536308678777,-0.005710149831368416,0.0,0.0,0.0,14301.05077490004
2023-03-13,37.8226,102.765,7.20926768391965,-1.2642401068616804,0,-0.7720244944194025,0,0.0,-0.06759588409598516,0.03466607062490756,-0.0,0.0,-0.0,14301.05077490004
2023-03-14,38.9356,105.7307,7.260234333151498,-0.12021526783459552,0,-0.7720244944194025,0,0.0,0.029426850613125444,0.02885904734102085,0.0,0.0,0.0,14301.05077490004
2023-03-15,38.7033,105.4202,7.251979656961607,-0.2760783320737583,0,-0.7720244944194025,0,0.0,-0.005966262238157438,-0.0029367061790001037,-0.0,0.0,-0.0,14301.05077490004
2023-03-16,38.6988,103.2652,7.235918116764667,-0.5978189838356945,0,-0.7720244944194025,0,0.0,-0.00011626915534335147,-0.02044200257635631,-0.0,0.0,-0.0,14301.05077490004
2023-03-17,37.6418,107.4787,7.239099658054338,-0.48674414998823484,0,-0.7720244944194025,0,0.0,-0.02731350842920177,0.04080270991582857,0.0,0.0,0.0,14301.05077490004
2023-03-20,38.108,106.1844,7.242055307191583,-0.38330499571698934,0,-0.7720244944194025,0,0.0,0.01238516755309238,-0.012042386072775413,0.0,0.0,0.0,14301.05077490004
2023-03-21,38.1163,108.6396,7.259920620926014,0.0832996444312742,0,-0.7720244944194025,0,0.0,0.00021780203631793782,0.023122040525727083,0.0,0.0,0.0,14301.05077490004
2023-03-22,35.8256,112.7463,7.22658666619101,-0.7219146083627109,0,-0.7720244944194025,0,0.0,-0.060097648512578594,0.03780113328841428,-0.0,0.0,-0.0,14301.05077490004
2023-03-23,35.5853,110.5215,7.2044700583361685,-1.2112516476967767,0,-0.7720244944194025,0,0.0,-0.006707494082443977,-0.019732798326863032,-0.0,0.0,-0.0,14301.05077490004
2023-03-24,35.7662,111.0466,7.213200029143225,-0.9545804169570278,0,-0.7720244944194025,0,0.0,0.005083559784517799,0.004751111774631944,0.0,0.0,0.0,14301.05077490004
2023-03-27,34.8564,110.1597,7.181242768821685,-1.6584359075946182,1,-0.7720244944194025,1,0.0,-0.02543742416024064,-0.007986737099559993,-0.0,0.0,-0.0,14301.05077490004
2023-03-28,35.424,111.1807,7.204518007501578,-1.032563743807299,1,-0.7720244944194025,1,1.0,0.016283953592453493,0.009268362205053116,0.023439356237905523,0.0008860122472097012,0.02255334399069582,14623.587292454768
2023-03-29,35.2994,111.7756,7.2051143142973295,-0.9722630570169701,1,-0.7720244944194025,1,1.0,-0.0035173893405601175,0.0053507488260102765,0.000613519816605677,0.0,0.000613519816605677,14632.559153048553
2023-03-30,34.7183,116.0852,7.217721819967924,-0.6298459563666163,1,-0.7720244944194025,1,1.0,-0.016462036181918105,0.038555820769470284,0.013304001854557289,0.0,0.013304001854557289,14827.230747157631
2023-03-31,34.8614,117.3376,7.230119570116617,-0.28545668242414507,0,-0.7720244944194025,0,1.0,0.00412174559238232,0.010788627663130157,0.012450830409489558,0.0,0.012450830409489558,15011.842082632858
2023-04-03,36.0181,117.1916,7.261799752761896,0.619327263625446,0,-0.7720244944194025,0,0.0,0.033179964086353264,-0.0012442729355296445,0.0,0.0008860122472097012,-0.0008860122472097012,14998.541406694469
2023-04-04,35.3248,119.7316,7.258917463668544,0.6240771016649317,0,-0.7720244944194025,0,0.0,-0.019248655537076997,0.021673908368859296,-0.0,0.0,-0.0,14998.541406694469
2023-04-05,35.3602,118.9549,7.254894646144837,0.5484252764626901,0,-0.7720244944194025,0,0.0,0.0010021288160158015,-0.006487009277417188,-0.0,0.0,-0.0,14998.541406694469
2023-04-06,35.3824,117.9629,7.249057138702421,0.4192728876474407,0,-0.7720244944194025,0,0.0,0.0006278245032549368,-0.008339294976499434,-0.0,0.0,-0.0,14998.541406694469
2023-04-07,33.9861,123.2309,7.242523724890442,0.2707461735074163,0,-0.7720244944194025,0,0.0,-0.039463122908564574,0.04465810860872366,-0.0,0.0,-0.0,14998.541406694469
2023-04-10,34.3637,121.0946,7.240071892940483,0.23266814643425057,0,-0.7720244944194025,0,0.0,0.011110424555921483,-0.017335749394023825,-0.0,0.0,-0.0,14998.541406694469
2023-04-11,33.8904,119.7881,7.2178282090433585,-0.5032127680389235,0,-0.7720244944194025,0,0.0,-0.013773254917252897,-0.0107890855579027,-0.0,0.0,-0.0,14998.541406694469
2023-04-12,33.8745,119.7651,7.217210692196641,-0.4880347287524332,0,-0.7720244944194025,0,0.0,-0.0004691594079739847,-0.0001920057167614786,-0.0,0.0,-0.0,14998.541406694469
2023-04-13,35.4993,117.1348,7.246916868113369,0.8015831356468567,0,-0.7720244944194025,0,0.0,0.047965283620422516,-0.02196215759014941,0.0,0.0,0.0,14998.541406694469
2023-04-14,34.4781,112.1769,7.184339468540767,-1.7738204606022943,1,-0.7720244944194025,1,0.0,-0.028766764415072976,-0.04232644781909389,-0.0,0.0,-0.0,14998.541406694469
2023-04-17,36.1951,114.4473,7.248408216190391,0.8709651324744117,1,-0.7720244944194025,1,1.0,0.049799727943245164,0.020239461065513442,0.06542508763966937,0.0008860122472097012,0.06453907539245966,15966.53340131805
2023-04-18,34.7993,112.5445,7.196138162938773,-1.230097715275433,1,-0.7720244944194025,1,1.0,-0.03856323093457381,-0.016625992924254263,-0.05139890471614177,0.0,-0.05139890471614177,15145.871072376609
2023-04-19,34.3006,111.2136,7.172519717283386,-2.041773923508496,1,-0.7720244944194025,1,1.0,-0.014330748032287954,-0.011825544562373058,-0.023460358094288127,0.0,-0.023460358094288127,14790.543513368732
2023-04-20,36.4214,110.2701,7.2259358393970174,0.0243977588771973,0,-0.7720244944194025,0,1.0,0.06182982221885314,-0.008483674658494977,0.05528021757980985,0.0,0.05528021757980985,15608.167976911402
2023-04-21,37.2172,108.0107,7.231567497261565,0.214010173491238,0,-0.7720244944194025,0,0.0,0.02184979160603384,-0.02048968850123467,0.0,0.0008860122472097012,-0.0008860122472097012,15594.33894892735
2023-04-24,35.7821,105.6019,7.174832057080767,-1.991136693500457,1,-0.7720244944194025,1,0.0,-0.03856012811280807,-0.022301494203814998,-0.0,0.0,-0.0,15594.33894892735
2023-04-25,35.1481,105.8281,7.158606764688916,-2.452286707154499,1,-0.7720244944194025,1,1.0,-0.017718356384896383,0.0021420069146482756,-0.016064674579572183,0.0008860122472097012,-0.016950686826781886,15330.004193133394
2023-04-26,36.2833,110.9071,7.226583846583608,0.051933000213626214,0,-0.7720244944194025,0,1.0,0.03229762063952246,0.04799292437452807,0.06934933381547612,0.0,0.06934933381547612,16393.129771315653
2023-04-27,37.1367,112.4315,7.260371051787677,1.2639272280919924,0,-0.7720244944194025,0,0.0,0.023520462581959167,0.013744836895023038,0.0,0.0008860122472097012,-0.0008860122472097012,16378.605257568166
2023-04-28,35.7863,114.0008,7.234031768889593,0.2812186131820471,0,-0.7720244944194025,0,0.0,-0.03636295093532815,0.013957832102213352,-0.0,0.0,-0.0,16378.605257568166
2023-05-01,34.9833,110.5007,7.1872629242037025,-1.3584837513595045,0,-0.7720244944194025,0,0.0,-0.02243875449543531,-0.030702416123395637,-0.0,0.0,-0.0,16378.605257568166
2023-05-02,36.4565,110.3285,7.227307857076152,0.047238134694089884,0,-0.7720244944194025,0,0.0,0.04211152178325084,-0.001558361168752631,0.0,0.0,0.0,16378.605257568166
2023-05-03,35.9381,107.6322,7.193884348103828,-1.1041981973989627,0,-0.7720244944194025,0,0.0,-0.01421968647566274,-0.02443883493385668,-0.0,0.0,-0.0,16378.605257568166
2023-05-04,35.7555,109.1896,7.199881311438201,-0.8514217736125885,0,-0.7720244944194025,0,0.0,-0.005080958648342571,0.01446964755900182,0.0,0.0,0.0,16378.605257568166
2023-05-05,36.9394,108.5757,7.22810311532133,0.18516607056427267,0,-0.7720244944194025,0,0.0,0.03311098991763517,-0.005622330331826464,0.0,0.0,0.0,16378.605257568166
2023-05-08,36.7298,108.5416,7.222170292729418,-0.04244232261251393,0,-0.7720244944194025,0,0.0,-0.0056741582158887915,-0.0003140665913274887,-0.0,0.0,-0.0,16378.605257568166
2023-05-09,37.7653,108.233,7.247774462307968,0.9151136042100303,0,-0.7720244944194025,0,0.0,0.02819236696088745,-0.0028431495389785733,0.0,0.0,0.0,16378.605257568166
2023-05-10,37.0485,106.8619,7.218769123297381,-0.12846553248239778,0,-0.7720244944194025,0,0.0,-0.01898038675715552,-0.012668040246505252,-0.0,0.0,-0.0,16378.605257568166
2023-05-11,37.065,103.5477,7.194891777359169,-0.977109977647935,0,-0.7720244944194025,0,0.0,0.0004453621604114666,-0.031013859944470368,-0.0,0.0,-0.0,16378.605257568166
2023-05-12,37.4989,104.6421,7.214646989910971,-0.22086163915931453,0,-0.7720244944194025,0,0.0,0.011706461621475928,0.010569042093643732,0.0,0.0,0.0,16378.605257568166
2023-05-15,36.4487,101.6777,7.164054782154362,-1.951170024478666,1,-0.7720244944194025,1,0.0,-0.02800615484720881,-0.028328942175281258,-0.0,0.0,-0.0,16378.605257568166
2023-05-16,38.0636,99.1977,7.188343696178437,-1.0341024044582057,1,-0.7720244944194025,1,1.0,0.044306106939342005,-0.0243907956218522,0.025475815280894584,0.0008860122472097012,0.02458980303368488,16781.35193481824
2023-05-17,38.7246,98.5027,7.200132304771239,-0.5802956597934951,1,-0.7720244944194025,1,1.0,0.017365672190754466,-0.007006210829484938,0.011956705817325615,0.0,0.011956705817325615,16982.00162311987
2023-05-18,39.5997,97.0167,7.210743376885027,-0.2020203381816627,0,-0.7720244944194025,0,1.0,0.02259803845617503,-0.015085880894635473,0.010951368885622755,0.0,0.010951368885622755,17167.977787310898
2023-05-19,39.8087,97.4206,7.219214736800806,0.09991238094330657,0,-0.7720244944194025,0,0.0,0.005277817761245807,0.004163200768527497,0.0,0.0008860122472097012,-0.0008860122472097012,17152.76674873152
2023-05-22,39.2235,99.3021,7.219173393357032,0.06541959506091603,0,-0.7720244944194025,0,0.0,-0.014700304204859793,0.019313163745655393,0.0,0.0,0.0,17152.76674873152
2023-05-23,39.3926,99.6899,7.22648439833757,0.3167509389549129,0,-0.7720244944194025,0,0.0,0.004311190995194281,0.0039052547730611398,0.0,0.0,0.0,17152.76674873152
2023-05-24,40.8889,99.9757,7.265975192375093,1.6680146289054822,-1,-0.7720244944194025,-1,0.0,0.03798429146590987,0.0028668902265927,0.0,0.0,0.0,17152.76674873152
2023-05-25,39.8246,99.9144,7.2391278603823785,0.6814983020126182,-1,-0.7720244944194025,-1,-1.0,-0.026029069013840056,-0.0006131489952058145,0.02650243505686759,0.0008860122472097012,0.025616422809657886,17592.159274122467
2023-05-26,39.7199,101.5341,7.248910205882549,1.0018059028926884,-1,-0.7720244944194025,-1,-1.0,-0.0026290282890473193,0.01621087651029285,-0.009886165452906884,0.0,-0.009886165452906884,17418.2402768646
2023-05-29,41.9404,97.7485,7.273972948923552,1.8409652485456025,-1,-0.7720244944194025,-1,-1.0,0.05590396753264715,-0.03728402576080336,-0.027119786394742953,0.0,-0.027119786394742953,16945.861321183726
2023-05-30,40.6573,98.3626,7.247736820437549,0.9532279758399318,-1,-0.7720244944194025,-1,-1.0,-0.030593413510600742,0.006282449347048802,0.025743208729729884,0.0,0.025743208729729884,17382.102166280012
2023-05-31,40.7637,96.4403,7.235113347296298,0.5369096301694454,-1,-0.7720244944194025,-1,-1.0,0.0026169962097828403,-0.019542997033425324,0.012470676194387229,0.0,0.012470676194387229,17598.868733973446
2023-06-01,39.2535,93.9898,7.177491692091541,-1.4293375313310135,-1,-0.7720244944194025,-1,-1.0,-0.037047667409975005,-0.02540950204426984,0.0566644253791512,0.0,0.0566644253791512,18596.098518107163
2023-06-02,38.9245,93.8974,7.1683156129698595,-1.6411649091040275,-1,-0.7720244944194025,-1,-1.0,-0.008381418217483838,-0.0009830853986283472,0.009140384225330984,0.0,0.009140384225330984,18766.074003654772
2023-06-05,39.4732,93.0723,7.175499746336099,-1.320990869895129,-1,-0.7720244944194025,-1,-1.0,0.01409652018651486,-0.00878725076519693,-0.007312547357177193,0.0,-0.007312547357177193,18628.846198794752
2023-06-06,39.3384,94.0627,7.180250783438037,-1.1111744643468544,-1,-0.7720244944194025,-1,-1.0,-0.0034149752236960484,0.010641189698761266,-0.0048002838735110714,0.0,-0.0048002838735110714,18539.422448804562
2023-06-07,40.1504,96.0527,7.2168447008508,0.10052150164623636,0,-0.7720244944194025,0,-1.0,0.020641408903259828,0.021156101196329713,-0.036974437233241994,0.0,-0.036974437233241994,17853.93773713068
2023-06-08,38.0938,91.5883,7.127520516411383,-2.551244088061625,1,-0.7720244944194025,1,0.0,-0.05122240376185527,-0.04647865182342603,-0.0,0.0008860122472097012,-0.0008860122472097012,17838.11892963466
2023-06-09,39.1053,91.3572,7.151776513754106,-1.7270724513871254,1,-0.7720244944194025,1,1.0,0.026552877371120776,-0.0025232480567932702,0.02460486806578021,0.0008860122472097012,0.023718855818570507,18261.21870060118
2023-06-12,38.1826,94.9038,7.157302246870076,-1.4774886491990256,1,-0.7720244944194025,1,1.0,-0.023595267137702547,0.03882124233229556,0.006375682846621034,0.0,0.006375682846621034,18377.646439428998
2023-06-13,38.2544,96.4607,7.171743243066572,-1.0236966970987775,1,-0.7720244944194025,1,1.0,0.001880437686275771,0.016405033307412387,0.014545525231364277,0.0,0.014545525231364277,18644.958959406802
