date,ALPHA,BETA,GAMMA,DELTA
2020-01-01,80.021,76.3074,40.2907,121.8794
2020-01-02,80.821,77.4932,38.9726,122.2362
2020-01-03,80.5171,77.0445,38.4451,118.7978
2020-01-06,78.584,74.8067,38.9824,120.0803
2020-01-07,79.7543,74.3952,39.051,119.3525
2020-01-08,78.2614,73.5517,38.7229,118.6834
2020-01-09,78.5223,73.4445,39.407,115.2267
2020-01-10,79.7459,75.9736,38.6926,113.9239
2020-01-13,80.4657,71.6315,38.9069,112.2911
2020-01-14,79.516,74.1462,38.5752,112.2204
2020-01-15,80.6528,72.764,38.0065,109.0162
2020-01-16,80.2359,75.2088,38.3402,109.1376
2020-01-17,81.162,73.3271,37.6761,109.4203
2020-01-20,79.6855,72.283,39.004,107.0077
2020-01-21,79.3171,73.5931,38.611,105.6897
2020-01-22,81.3522,73.538,40.035,103.9029
2020-01-23,80.3703,71.7544,39.2701,105.8168
2020-01-24,79.9364,71.9949,39.7167,100.6092
2020-01-27,80.0442,68.459,38.8838,99.9307
2020-01-28,79.0291,65.9899,37.9716,96.6762
2020-01-29,76.6986,68.4751,38.0961,95.8547
2020-01-30,76.885,67.8739,38.579,97.5015
2020-01-31,74.8197,67.2943,37.7193,96.2892
2020-02-03,75.7388,66.9051,38.5473,96.5657
2020-02-04,76.5838,67.4928,38.0131,94.9574
2020-02-05,75.769,66.382,38.1182,98.723
2020-02-06,73.25,64.9777,38.395,100.5527
2020-02-07,72.8587,65.1607,38.8238,102.8556
2020-02-10,72.7099,66.6041,37.6025,100.1693
2020-02-11,71.9792,64.7739,38.7297,97.9974
2020-02-12,71.2407,66.0663,39.139,100.1466
2020-02-13,69.4118,65.1204,38.8558,99.7681
2020-02-14,68.4902,64.2586,38.1613,99.2647
2020-02-17,67.7357,66.2304,37.03,99.9395
2020-02-18,68.3599,65.6951,36.1481,97.4717
2020-02-19,68.1122,63.7976,36.519,98.9999
2020-02-20,67.3392,65.3031,36.31,99.0461
2020-02-21,68.4695,66.7732,35.5922,100.01
2020-02-24,68.043,66.6979,35.2703,98.6875
2020-02-25,67.6272,65.3217,36.2919,99.7157
2020-02-26,66.9154,66.8831,36.091,98.3296
2020-02-27,66.3639,67.7583,35.7276,100.2345
2020-02-28,66.023,65.2327,36.6214,102.5352
2020-03-02,65.6415,66.6554,36.942,104.4328
2020-03-03,66.8173,66.9782,36.9862,105.5276
2020-03-04,66.701,64.7513,36.5984,106.8845
2020-03-05,68.1135,64.725,35.6041,101.264
2020-03-06,69.3375,64.495,34.8758,102.9793
2020-03-09,68.6828,64.2373,34.5893,102.4267
2020-03-10,69.3305,65.5491,34.4666,102.6316
2020-03-11,70.6407,65.6206,34.7022,102.0612
2020-03-12,70.0217,66.2098,35.0626,99.2706
2020-03-13,70.8503,64.8139,35.2176,98.2168
2020-03-16,71.1988,65.9247,35.3718,99.5288
2020-03-17,71.8474,65.5536,34.75,102.4008
2020-03-18,72.8218,65.0738,33.4414,101.1431
2020-03-19,73.1268,66.4586,33.1425,99.3409
2020-03-20,73.7909,63.7727,32.5912,102.2778
2020-03-23,74.9464,66.2694,32.2235,100.4983
2020-03-24,74.4007,64.7788,32.0775,104.7644
2020-03-25,74.5104,67.1232,31.3799,104.881
2020-03-26,74.6925,66.3029,30.7712,103.0545
2020-03-27,74.1662,63.3052,30.728,105.114
2020-03-30,74.3685,62.7644,30.8044,108.7457
2020-03-31,73.5858,64.2296,30.455,105.6802
2020-04-01,73.9149,63.917,30.7417,109.038
2020-04-02,74.231,64.7212,30.6327,108.4369
2020-04-03,74.6465,65.0195,30.0875,111.7199
2020-04-06,74.9416,63.7991,30.1216,110.8841
2020-04-07,73.8035,63.8946,31.1722,107.4517
2020-04-08,73.0794,64.4929,30.8081,108.5468
2020-04-09,70.9655,64.8046,31.4742,110.5881
2020-04-10,70.3046,61.6679,32.2774,115.334
2020-04-13,71.6659,63.3173,33.173,119.391
2020-04-14,72.5194,62.5999,32.6985,121.0748
2020-04-15,73.5012,64.6275,33.92,120.5126
2020-04-16,72.3062,63.9913,34.0047,119.2762
2020-04-17,72.1379,63.0864,33.8633,118.5867
2020-04-20,72.2768,63.9293,33.7367,116.6439
2020-04-21,74.5162,62.9089,34.1176,116.0167
2020-04-22,73.4118,63.2159,34.1627,110.2713
2020-04-23,73.4155,62.2793,34.0677,110.6776
2020-04-24,73.6661,63.9957,34.8779,110.6246
2020-04-27,72.6123,65.1515,34.4409,116.4614
2020-04-28,72.3099,65.6864,33.8138,118.254
2020-04-29,71.1933,64.094,34.3137,117.1354
2020-04-30,69.4651,66.5895,34.7649,118.4777
2020-05-01,69.6062,64.9637,35.4704,115.6201
2020-05-04,70.8031,65.3571,34.8064,114.2462
2020-05-05,70.9318,66.7338,35.5047,110.0686
2020-05-06,69.983,67.9667,35.8284,113.2875
2020-05-07,71.5711,66.1727,36.9982,114.6514
2020-05-08,71.5067,65.94,36.1906,111.9984
2020-05-11,72.971,66.2204,36.3476,111.8741
2020-05-12,73.9134,65.792,36.1809,114.031
2020-05-13,73.8093,65.6256,35.1743,115.1772
2020-05-14,73.3417,66.3588,34.7385,116.0728
2020-05-15,73.2749,65.4413,35.4646,114.1098
2020-05-18,71.887,65.3333,35.1805,112.6759
2020-05-19,70.279,62.9374,34.7398,112.9019
2020-05-20,69.979,63.9642,35.3011,115.0106
2020-05-21,70.0439,62.9379,35.9495,113.131
2020-05-22,70.1134,62.3393,36.6084,110.633
2020-05-25,71.467,66.343,36.1061,113.2049
2020-05-26,70.5741,64.4384,36.0829,111.1292
2020-05-27,70.2911,65.3132,36.7732,113.5606
2020-05-28,69.7227,65.2196,36.3561,114.1253
2020-05-29,69.6859,64.2826,35.8834,116.1658
2020-06-01,69.5254,64.4974,36.4369,120.3021
2020-06-02,68.9975,65.4866,37.4911,121.9827
2020-06-03,69.4374,65.6441,36.7363,123.9031
2020-06-04,69.4186,66.3007,35.0723,121.6616
2020-06-05,70.154,64.2129,34.1822,119.9937
2020-06-08,70.9833,62.1016,33.5783,121.5613
2020-06-09,71.2114,63.4967,33.5086,125.3618
2020-06-10,70.2999,61.1249,33.8957,128.914
2020-06-11,71.913,62.7015,33.8199,135.0411
2020-06-12,71.2994,61.1777,33.4096,135.8969
2020-06-15,71.7065,62.0173,33.5154,136.4628
2020-06-16,71.8575,62.6206,32.9533,139.2508
2020-06-17,71.9367,63.1586,32.9387,139.3174
2020-06-18,72.3143,60.6733,32.5735,139.1574
2020-06-19,71.9492,60.5334,34.1972,136.2863
2020-06-22,71.7658,59.1249,34.7176,139.029
2020-06-23,70.0095,58.2751,34.2134,136.0935
2020-06-24,70.4917,59.3073,33.6183,137.5088
2020-06-25,68.0619,61.0414,33.3676,133.674
2020-06-26,69.6946,58.457,32.4071,136.6511
2020-06-29,67.9954,59.3122,31.9966,133.8815
2020-06-30,68.2433,58.1895,31.5868,136.1728
2020-07-01,68.085,58.8945,32.1062,131.9255
2020-07-02,69.2336,58.4046,31.8734,130.7833
2020-07-03,68.2792,59.4709,31.4356,133.9154
2020-07-06,66.8106,59.4549,30.6985,131.7889
2020-07-07,66.5614,62.1315,30.0672,131.9793
2020-07-08,67.5455,61.5894,30.0433,130.7356
2020-07-09,67.3592,61.6179,29.9392,124.8469
2020-07-10,66.8823,60.6897,30.5689,125.631
2020-07-13,66.2885,62.4252,30.2368,126.7345
2020-07-14,65.399,61.271,30.8311,123.9699
2020-07-15,65.6598,63.3484,30.9865,125.413
2020-07-16,65.7105,61.8967,30.9964,123.4454
2020-07-17,66.7025,62.7714,29.9078,121.0049
2020-07-20,64.875,59.8836,29.233,121.0336
2020-07-21,64.4526,61.0757,29.6376,119.4072
2020-07-22,63.4296,61.5653,30.405,125.0218
2020-07-23,64.623,60.9269,30.5304,121.2058
2020-07-24,63.9651,60.8906,30.9647,123.0214
2020-07-27,64.5856,61.9973,30.7506,125.4913
2020-07-28,64.0266,61.4479,30.5579,120.6328
2020-07-29,64.1641,61.976,30.2075,116.5362
2020-07-30,64.1128,63.8629,30.7545,117.8661
2020-07-31,63.736,62.3272,30.9572,116.7482
2020-08-03,64.0616,60.0404,30.8393,117.659
2020-08-04,63.7278,60.1269,30.6698,120.3831
2020-08-05,62.6364,61.1068,30.991,119.5024
2020-08-06,62.2854,61.1755,31.1842,116.998
2020-08-07,62.0629,58.8547,30.733,110.7935
2020-08-10,63.0835,59.9927,31.7097,111.2589
2020-08-11,63.36,60.4925,31.8695,109.2226
2020-08-12,63.4862,59.2567,31.8883,109.9203
2020-08-13,62.9832,58.9328,32.7607,110.4417
2020-08-14,63.4099,59.4869,33.3835,107.4364
2020-08-17,63.5239,57.5023,33.344,111.2162
2020-08-18,64.2709,57.4942,33.6808,113.6634
2020-08-19,63.3152,56.257,33.0515,115.6198
2020-08-20,61.4478,58.4147,32.6855,112.9243
2020-08-21,61.5341,57.9475,31.3949,112.019
2020-08-24,61.2699,59.131,32.105,110.8115
2020-08-25,60.4327,61.1648,31.0389,109.9071
2020-08-26,60.1416,59.9714,31.4344,107.4744
2020-08-27,59.7857,58.7086,30.9803,108.4236
2020-08-28,58.9353,60.6586,30.4513,108.9327
2020-08-31,59.6125,60.2258,30.3568,109.7426
2020-09-01,58.7208,58.1004,30.5149,108.6486
2020-09-02,58.1509,57.1335,30.8653,111.5016
2020-09-03,59.4756,58.2272,31.8782,111.9323
2020-09-04,59.7862,56.2018,32.0975,105.9787
2020-09-07,59.8464,59.1435,32.6237,104.641
2020-09-08,59.9481,55.7165,32.2871,104.5322
2020-09-09,59.2848,56.8998,32.7176,106.5806
2020-09-10,60.1346,56.4539,32.8211,105.9521
2020-09-11,60.9351,56.5515,32.5616,105.4341
2020-09-14,60.0888,57.2518,32.5184,104.056
2020-09-15,60.0514,57.2398,32.4951,105.4609
2020-09-16,60.539,56.4986,32.6202,104.5315
2020-09-17,61.5587,58.1283,32.8698,103.2879
2020-09-18,63.1,54.9323,32.5831,101.7762
2020-09-21,64.1059,56.4109,32.1644,102.9258
2020-09-22,63.2455,55.8801,32.6132,101.8447
2020-09-23,62.205,55.97,31.6449,98.4975
2020-09-24,61.9048,57.2722,31.3073,99.7417
2020-09-25,62.6306,56.7875,32.2074,98.3623
2020-09-28,62.5974,56.9236,30.6879,99.077
2020-09-29,64.6016,57.2676,30.3196,99.8304
2020-09-30,64.9933,57.4433,30.7095,102.273
2020-10-01,64.0266,58.1593,29.8226,104.4424
2020-10-02,64.1465,61.5387,31.2629,103.2585
2020-10-05,63.9206,61.483,29.8517,102.9257
2020-10-06,64.0851,59.6255,30.6459,100.3134
2020-10-07,62.8055,60.876,31.5297,103.7461
2020-10-08,63.216,63.608,32.0669,104.6769
2020-10-09,63.8532,62.0594,31.9521,107.648
2020-10-12,64.3929,62.122,32.171,106.9741
2020-10-13,65.128,63.3069,31.6683,102.6889
2020-10-14,66.7515,63.4529,32.1459,105.894
2020-10-15,65.7197,63.2823,31.517,106.102
2020-10-16,64.4015,62.1072,31.3745,106.3956
2020-10-19,64.168,64.4943,31.955,106.5244
2020-10-20,63.2056,63.0415,31.333,107.9175
2020-10-21,63.8132,62.524,31.1407,109.0853
2020-10-22,63.4864,63.0582,31.2454,105.6804
2020-10-23,62.6315,62.9919,30.512,108.0136
2020-10-26,61.9699,60.4078,31.1707,106.8876
2020-10-27,62.0577,61.303,31.375,105.9044
2020-10-28,62.3992,62.2363,30.5429,109.6382
2020-10-29,61.7026,61.928,30.5293,111.6866
2020-10-30,62.7207,61.3024,30.1182,110.9448
2020-11-02,62.975,60.0446,29.7757,106.9119
2020-11-03,62.221,58.758,29.8288,107.2688
2020-11-04,61.0798,59.335,29.462,108.4415
2020-11-05,59.9798,59.036,29.9899,108.2778
2020-11-06,59.7301,58.448,29.6238,105.6234
2020-11-09,61.1596,56.3051,30.164,103.9766
2020-11-10,61.312,58.2335,30.1523,101.409
2020-11-11,62.3229,56.7882,30.6326,101.8569
2020-11-12,61.2763,55.9193,30.3477,103.5503
2020-11-13,60.7336,55.9004,30.085,105.7064
2020-11-16,60.1163,55.2243,29.4791,104.1801
2020-11-17,59.8239,55.273,29.7993,104.6814
2020-11-18,59.0112,55.3852,30.3187,105.8585
2020-11-19,59.1445,56.0691,31.5102,104.7923
2020-11-20,60.1369,54.1112,32.2636,104.4919
2020-11-23,59.5972,53.661,32.422,109.037
2020-11-24,60.0042,56.6853,32.312,109.4962
2020-11-25,59.4435,54.6618,32.5519,111.4581
2020-11-26,59.6297,57.0961,32.5487,110.504
2020-11-27,58.2645,59.0862,33.4308,110.6074
2020-11-30,58.9014,58.2143,34.0173,106.89
2020-12-01,58.2679,55.5504,33.5222,106.8472
2020-12-02,57.8355,55.9301,33.1231,109.4365
2020-12-03,59.6251,57.4693,33.962,114.1397
2020-12-04,59.6755,56.1267,34.1645,116.916
2020-12-07,59.2909,56.2674,34.0359,118.545
2020-12-08,59.2244,56.939,34.7844,118.6825
2020-12-09,59.3376,59.3122,34.5564,117.2786
2020-12-10,58.9648,58.5976,34.3966,116.915
2020-12-11,58.0161,56.0954,34.1259,118.3687
2020-12-14,57.3877,56.0961,32.9551,116.5361
2020-12-15,56.1222,55.3626,33.4852,118.7433
2020-12-16,55.347,51.8407,32.7774,116.4406
2020-12-17,55.559,50.8649,32.4566,112.3812
2020-12-18,56.7487,52.1021,32.0377,110.1402
2020-12-21,57.0333,51.1841,32.4727,106.5428
2020-12-22,56.5801,51.1303,32.4456,103.6687
2020-12-23,56.7891,50.2533,32.4676,106.0534
2020-12-24,57.2887,52.6989,31.5134,105.6403
2020-12-25,58.3185,49.6728,31.4764,106.1137
2020-12-28,57.6029,50.7964,30.6632,108.6111
2020-12-29,57.2914,50.9634,30.8456,111.392
2020-12-30,56.4262,52.1296,31.0623,110.2845
2020-12-31,56.6505,53.2356,31.065,113.2655
2021-01-01,57.2383,52.1292,32.2416,114.1516
2021-01-04,58.1512,51.4285,32.5624,114.1706
2021-01-05,57.0699,50.6405,32.9266,115.1961
2021-01-06,57.3031,51.5154,33.0243,111.9691
2021-01-07,56.6545,52.5175,32.9231,110.2335
2021-01-08,56.8262,53.0721,33.5139,110.0064
2021-01-11,55.4546,52.0951,34.1986,111.3671
2021-01-12,55.4676,52.4821,33.4204,110.5526
2021-01-13,54.5697,53.5282,34.0744,110.2825
2021-01-14,54.0305,53.0793,34.4048,112.4528
2021-01-15,55.0891,53.0492,35.0189,115.6847
2021-01-18,55.6379,54.3399,35.3281,117.485
2021-01-19,54.9507,53.1934,34.5595,120.5156
2021-01-20,54.7791,54.6519,33.851,119.5568
2021-01-21,56.2255,56.1787,34.9952,118.8382
2021-01-22,54.1595,52.1965,35.1687,119.6093
2021-01-25,55.2998,53.0233,34.2966,118.9031
2021-01-26,55.6766,53.1367,34.526,117.715
2021-01-27,55.572,52.8507,34.3154,121.6818
2021-01-28,54.4119,52.4101,33.2087,121.2053
2021-01-29,54.9368,52.3529,31.8803,118.8979
2021-02-01,55.8425,51.5568,30.9861,120.0746
2021-02-02,55.9662,52.5504,31.1506,124.5776
2021-02-03,56.0088,51.4573,31.1361,124.7916
2021-02-04,56.6257,52.3576,31.0092,127.9159
2021-02-05,57.6746,52.4951,31.1809,126.8133
2021-02-08,58.4737,51.6469,31.5328,125.5858
2021-02-09,57.8022,52.3983,30.3738,123.8775
2021-02-10,56.9885,51.6301,30.2217,123.535
2021-02-11,57.0814,53.2818,29.7866,128.1693
2021-02-12,58.8115,51.8448,29.1444,125.2538
2021-02-15,58.8002,53.8845,28.8702,129.436
2021-02-16,57.8362,55.5193,28.818,126.8643
2021-02-17,57.8577,55.608,28.6916,126.285
2021-02-18,57.937,56.0014,27.9613,128.4266
2021-02-19,58.9375,53.7428,27.7303,130.0687
2021-02-22,58.5694,53.8208,28.7664,130.8175
2021-02-23,58.5637,54.7167,28.2368,126.5852
2021-02-24,59.7796,53.5398,27.4032,127.5184
2021-02-25,61.0117,54.4853,27.5503,124.95
2021-02-26,60.8146,53.9939,27.8589,131.5506
2021-03-01,60.9791,53.4639,28.1038,131.0033
2021-03-02,60.7555,51.9526,27.5541,131.5119
2021-03-03,61.3934,53.7392,28.0648,128.543
2021-03-04,61.6181,54.81,27.682,127.3304
2021-03-05,61.5511,55.7056,27.1331,124.0972
2021-03-08,60.67,56.1238,26.8483,126.57
2021-03-09,60.666,54.1549,26.8065,125.9212
2021-03-10,59.6888,54.748,27.1641,127.3589
2021-03-11,60.879,54.2338,27.4819,125.6396
2021-03-12,61.1276,54.6956,27.4817,124.3991
2021-03-15,60.8069,54.199,27.9583,127.6584
2021-03-16,60.1058,55.2234,28.0105,125.214
2021-03-17,59.9747,56.4191,28.4773,120.7951
2021-03-18,59.259,53.9124,27.7779,121.7927
2021-03-19,59.4937,52.3696,27.0126,119.056
2021-03-22,59.0646,52.39,27.4034,118.0259
2021-03-23,60.0803,52.0573,26.7369,120.2095
2021-03-24,59.1575,52.2149,26.6028,118.2693
2021-03-25,59.542,54.519,26.5665,120.3776
2021-03-26,59.4271,55.264,26.3448,118.7605
2021-03-29,59.6753,53.3707,26.141,122.3667
2021-03-30,59.3588,54.8026,26.8153,125.6656
2021-03-31,59.1777,55.6607,25.632,124.4988
2021-04-01,59.8347,53.8582,26.0535,123.9814
2021-04-02,59.5724,52.8573,27.1632,121.9478
2021-04-05,58.1016,54.7055,27.1856,122.4488
2021-04-06,59.3472,56.3194,27.1872,125.3082
2021-04-07,58.3825,57.142,27.556,121.7465
2021-04-08,58.9842,56.9429,28.4896,124.0135
2021-04-09,59.8728,55.2421,27.898,120.7849
2021-04-12,59.6818,55.7117,27.9533,118.7377
2021-04-13,58.9432,55.1915,27.8709,114.5788
2021-04-14,58.1088,54.179,28.1642,119.5174
2021-04-15,59.0367,52.9935,28.2563,119.6698
2021-04-16,58.8407,53.4037,28.6053,120.269
2021-04-19,60.1776,53.8546,28.4003,118.6655
2021-04-20,60.3866,54.6618,28.4368,121.2371
2021-04-21,61.4288,55.2435,28.1069,116.2548
2021-04-22,61.0693,55.0365,27.784,116.3285
2021-04-23,62.3664,55.6047,27.7244,121.5897
2021-04-26,62.877,57.0555,27.6647,120.6762
2021-04-27,62.8137,55.86,27.0978,120.7297
2021-04-28,61.2422,55.2974,27.8856,122.3761
2021-04-29,60.7494,56.3263,27.8291,120.4181
2021-04-30,61.321,57.5632,27.1553,120.4852
2021-05-03,61.8566,57.5612,27.7102,122.8356
2021-05-04,61.9576,54.2097,27.3504,123.3264
2021-05-05,60.5786,55.8634,27.6129,124.2573
2021-05-06,60.5512,55.5815,27.6154,123.4043
2021-05-07,61.0733,55.0742,27.7514,124.1981
2021-05-10,61.2362,55.755,27.8481,124.3491
2021-05-11,61.5797,56.5795,27.5723,128.0338
2021-05-12,62.6089,54.7501,27.6037,129.9152
2021-05-13,62.5682,53.9784,28.644,129.2965
2021-05-14,62.9084,56.3349,27.5242,123.1339
2021-05-17,63.1947,54.3051,27.568,124.9216
2021-05-18,64.0619,53.0201,27.7958,126.8356
2021-05-19,62.9069,55.5468,27.2852,124.5433
2021-05-20,64.7488,56.3118,26.631,119.6758
2021-05-21,64.7489,55.9893,27.6974,116.9855
2021-05-24,64.422,57.5816,27.5238,119.1847
2021-05-25,62.5912,56.1161,28.5847,116.6851
2021-05-26,61.5969,56.9116,28.8733,115.6291
2021-05-27,60.1945,56.9358,28.9244,116.1516
2021-05-28,58.9807,56.9578,29.185,119.0428
2021-05-31,59.8412,56.0018,29.5323,119.0115
2021-06-01,59.4284,57.9054,30.1781,118.7847
2021-06-02,60.2905,56.7351,30.428,117.4996
2021-06-03,59.4564,58.144,30.5195,121.407
2021-06-04,59.1052,55.063,30.6287,124.0354
2021-06-07,58.3202,56.7652,31.3958,123.8121
2021-06-08,58.2947,56.2478,31.8736,120.4137
2021-06-09,59.054,57.9492,31.3164,118.5373
2021-06-10,59.0022,58.9925,30.9725,119.9311
2021-06-11,58.7004,58.5848,31.17,118.2248
2021-06-14,58.0555,58.2231,30.8347,120.3655
2021-06-15,57.3524,57.9517,30.6387,121.2509
2021-06-16,57.2911,57.0421,30.1281,121.9749
2021-06-17,56.3218,56.7247,29.9986,123.5918
2021-06-18,56.6893,57.4645,30.2403,124.8429
2021-06-21,57.2764,55.8872,30.7992,122.738
2021-06-22,58.3712,56.8704,30.8166,121.953
2021-06-23,58.8723,56.7618,32.0021,127.8084
2021-06-24,58.6354,58.6721,31.9709,124.7704
2021-06-25,57.6857,59.3831,33.876,123.6041
2021-06-28,57.2153,59.1596,34.5061,126.2795
2021-06-29,57.8087,57.1166,34.83,125.8905
2021-06-30,57.3525,57.372,34.5323,123.8747
2021-07-01,57.4163,56.7728,32.8337,120.6516
2021-07-02,56.5269,58.7973,32.7552,121.9642
2021-07-05,55.9776,55.6845,32.8736,124.49
2021-07-06,57.4083,57.1191,34.0447,128.0375
2021-07-07,57.0285,56.7046,33.2229,128.1881
2021-07-08,57.0993,57.8685,34.3961,130.9085
2021-07-09,57.3615,58.1142,34.2546,128.2447
2021-07-12,57.037,55.6683,34.7179,128.6892
2021-07-13,56.1369,55.5431,33.1797,126.9702
2021-07-14,55.7615,56.2929,33.2761,127.4252
2021-07-15,55.4077,57.0948,33.0841,129.3657
2021-07-16,54.669,56.7526,33.5064,132.1765
2021-07-19,55.7756,57.3369,33.5749,129.5983
2021-07-20,57.5815,57.4999,32.9048,132.9389
2021-07-21,56.44,54.4284,33.4839,131.6968
2021-07-22,56.5942,55.0144,33.9187,129.0355
2021-07-23,57.2897,54.3378,34.2988,128.6088
2021-07-26,57.009,55.9543,34.9413,124.9138
2021-07-27,55.9034,55.4942,35.6549,124.9378
2021-07-28,56.6566,55.5245,35.6552,125.6763
2021-07-29,56.7349,56.7968,34.8083,125.1862
2021-07-30,58.766,54.6057,33.9649,126.5485
2021-08-02,57.4988,57.5069,34.8141,125.7671
2021-08-03,57.682,55.6303,35.2763,125.7899
2021-08-04,57.3319,55.8163,35.3553,122.2294
2021-08-05,58.5563,57.0974,35.0938,122.346
2021-08-06,58.6491,54.5548,35.1278,120.2933
2021-08-09,60.2046,56.5176,35.1575,119.2279
2021-08-10,59.9551,56.8993,34.959,119.0167
2021-08-11,60.3408,57.9437,34.5357,119.4841
2021-08-12,59.7659,55.6104,35.9221,115.6247
2021-08-13,58.3359,56.3304,36.0846,112.0764
2021-08-16,59.8638,54.7822,35.7075,111.4127
2021-08-17,60.4749,55.446,34.8943,112.4861
2021-08-18,61.62,56.0168,34.4553,113.3108
2021-08-19,62.3084,54.4057,34.9185,115.3637
2021-08-20,60.6317,54.4094,35.4126,118.4169
2021-08-23,60.1655,53.1542,35.2878,119.6104
2021-08-24,59.3336,55.3807,35.3348,119.5749
2021-08-25,58.9295,57.2062,35.1554,117.1451
2021-08-26,59.1782,54.8249,34.4751,114.9609
2021-08-27,58.182,55.2378,35.3065,113.9032
2021-08-30,57.9287,54.5605,35.5583,114.5256
2021-08-31,56.2691,53.6225,37.194,115.0438
2021-09-01,55.551,54.8341,36.7059,115.0651
2021-09-02,55.6648,52.6491,36.6298,114.7257
2021-09-03,55.849,54.207,37.2315,116.1931
2021-09-06,54.7155,54.032,37.0824,116.6899
2021-09-07,55.8802,53.62,36.1821,117.3989
2021-09-08,54.8952,53.4159,35.5836,118.1371
2021-09-09,53.8857,53.2791,35.6625,116.8651
2021-09-10,54.0401,53.0879,35.8979,114.4918
2021-09-13,54.5558,51.795,35.8512,115.6335
2021-09-14,56.6373,52.7001,36.5192,116.613
2021-09-15,56.3756,51.5786,37.1926,116.1125
2021-09-16,56.1735,51.6538,37.4243,115.1626
2021-09-17,55.8238,51.7603,37.4574,120.5438
2021-09-20,56.0252,51.5246,37.3022,118.7392
2021-09-21,55.8342,51.1905,37.6891,118.2355
2021-09-22,56.5833,50.9001,38.3335,118.8769
2021-09-23,57.6904,50.4568,38.3906,116.1757
2021-09-24,57.6037,51.894,38.7184,116.4601
2021-09-27,57.2543,51.3302,38.5084,120.7357
2021-09-28,57.5077,52.3134,37.5573,123.0242
2021-09-29,58.2897,49.1576,36.9015,124.6021
2021-09-30,58.0428,50.8385,37.4286,126.0998
2021-10-01,58.0625,51.2255,37.7461,126.3951
2021-10-04,57.6498,50.6466,38.8576,128.8541
2021-10-05,56.098,50.1336,38.9125,128.4659
2021-10-06,56.4295,52.0765,39.5387,127.3969
2021-10-07,55.6167,50.1321,40.5078,127.6699
2021-10-08,54.0219,49.0976,41.2559,130.0166
2021-10-11,53.1241,49.6247,40.8228,130.8918
2021-10-12,53.2672,51.8127,40.7037,132.6828
2021-10-13,53.309,50.3639,40.8152,127.4315
2021-10-14,53.7876,47.8217,40.1133,130.5218
2021-10-15,53.6707,47.5601,40.4735,136.7907
2021-10-18,53.61,47.7338,41.2429,140.506
2021-10-19,53.4123,48.2625,40.9038,139.6303
2021-10-20,52.8497,47.1242,42.3992,137.2946
2021-10-21,52.5363,47.6542,42.1947,138.0724
2021-10-22,52.1968,48.4039,42.0577,135.3872
2021-10-25,51.2675,46.79,41.8945,137.3802
2021-10-26,51.5521,48.0158,41.3803,135.9578
2021-10-27,50.9007,48.2133,41.7094,138.6091
2021-10-28,49.7821,47.3425,41.7411,142.4513
2021-10-29,49.1258,45.2346,43.0254,136.7911
2021-11-01,49.9619,47.4742,43.5157,137.6082
2021-11-02,50.3601,47.6485,43.9565,135.7134
2021-11-03,50.4885,48.3798,43.7991,131.9535
2021-11-04,50.3315,45.8306,42.7153,130.3473
2021-11-05,50.4967,49.2887,42.6636,129.7908
2021-11-08,50.451,46.6974,42.0324,132.5152
2021-11-09,51.106,49.3799,42.7759,128.5566
2021-11-10,50.4246,49.2175,42.7695,131.3001
2021-11-11,50.0756,47.9569,44.089,136.7216
2021-11-12,49.9166,46.64,44.6943,138.3789
2021-11-15,49.8861,44.6779,45.3897,139.9121
2021-11-16,49.3756,46.9344,45.5968,139.8886
2021-11-17,49.6111,46.5302,45.7867,136.6531
2021-11-18,48.9714,44.9964,46.3468,138.1365
2021-11-19,48.4273,47.9987,47.1418,139.2154
2021-11-22,48.0802,46.4906,46.5613,141.2815
2021-11-23,48.5622,48.1099,46.9945,148.7447
2021-11-24,47.6498,44.5784,49.2845,150.9407
2021-11-25,48.0224,46.3672,49.2247,152.2465
2021-11-26,46.9903,46.3907,49.0184,157.0933
2021-11-29,48.1842,46.3125,48.4306,152.9384
2021-11-30,48.1557,44.3945,47.203,149.4977
2021-12-01,47.7238,43.73,48.2433,148.3949
2021-12-02,47.4006,43.4686,48.3156,146.4785
2021-12-03,46.5711,42.047,48.5963,148.5404
2021-12-06,47.7524,42.583,50.2572,147.6151
2021-12-07,48.0024,44.2328,52.6002,152.8577
2021-12-08,47.4045,43.6683,51.7863,157.593
2021-12-09,46.8267,43.9782,52.7999,160.055
2021-12-10,45.6211,43.4621,53.4175,158.84
2021-12-13,45.5752,44.5497,53.8246,160.8282
2021-12-14,45.6773,44.0431,54.3133,163.4746
2021-12-15,45.6839,43.1137,54.314,160.0404
2021-12-16,45.4162,44.0887,55.9146,161.1768
2021-12-17,43.3538,43.5739,56.5613,163.4855
2021-12-20,43.5312,43.6852,56.9385,164.2112
2021-12-21,42.8534,45.0741,58.2568,169.47
2021-12-22,43.7206,43.9721,59.231,173.653
2021-12-23,45.2338,44.9052,59.7503,170.8263
2021-12-24,45.4284,43.9642,60.1299,171.2693
2021-12-27,45.0215,44.6491,62.0884,168.4479
2021-12-28,45.0312,45.6342,62.6887,170.4288
2021-12-29,44.8158,43.738,62.6156,167.5153
2021-12-30,44.3544,44.1816,61.6847,170.6545
2021-12-31,44.1952,43.5449,61.3315,172.0016
2022-01-03,43.4698,43.1652,60.2107,175.3915
2022-01-04,44.4084,42.8513,60.3547,174.9008
2022-01-05,44.4591,44.5106,60.6619,169.8971
2022-01-06,45.0926,44.825,58.4898,176.0221
2022-01-07,44.9559,43.5621,58.5355,175.4332
2022-01-10,44.7239,42.4218,59.2501,180.3487
2022-01-11,44.2821,42.9623,59.4547,181.9252
2022-01-12,44.4374,42.0143,58.468,184.4123
2022-01-13,44.595,42.2087,59.8454,191.305
2022-01-14,44.8119,41.9177,59.1264,192.6305
2022-01-17,44.5102,42.1586,57.8593,198.1211
2022-01-18,43.5928,42.0592,56.77,192.3452
2022-01-19,44.3939,40.7743,56.7804,195.7452
2022-01-20,43.6687,40.4552,57.8196,194.82
2022-01-21,43.2751,39.5314,59.0717,194.3177
2022-01-24,43.789,39.715,59.3213,194.3711
2022-01-25,43.3143,38.0409,58.0859,195.7424
2022-01-26,43.5104,38.7159,57.4284,202.3589
2022-01-27,43.3196,38.5075,56.5325,195.0134
2022-01-28,44.206,38.3879,56.3757,195.2048
2022-01-31,44.0499,38.4231,54.6274,192.4468
2022-02-01,43.9819,37.1693,54.7603,197.0063
2022-02-02,43.3342,37.3161,55.4234,195.3659
2022-02-03,42.4909,37.679,55.2984,197.1785
2022-02-04,41.6364,38.9189,55.7819,195.6367
2022-02-07,41.8272,39.4193,54.8705,198.288
2022-02-08,41.4604,38.3672,53.4748,202.3738
2022-02-09,41.423,37.8892,52.8872,200.7918
2022-02-10,40.9792,39.3995,54.0228,201.0091
2022-02-11,40.3572,38.0713,55.0567,195.3989
2022-02-14,40.1112,39.7311,54.6285,196.6157
2022-02-15,39.823,39.1029,55.8483,200.0318
2022-02-16,39.6233,36.9157,55.5457,197.8419
2022-02-17,40.336,39.8191,57.1017,202.3452
2022-02-18,41.6147,38.3821,57.6237,194.1457
2022-02-21,42.0338,36.813,57.1804,187.1073
2022-02-22,41.8618,37.8884,58.0287,182.002
2022-02-23,41.1736,37.7515,57.2487,180.2639
2022-02-24,39.664,38.942,56.3155,180.349
2022-02-25,39.771,38.4025,54.8861,180.0828
2022-02-28,39.9737,39.0279,55.1642,179.8593
2022-03-01,40.5427,39.4158,55.1335,182.4993
2022-03-02,40.2378,38.4587,55.0791,180.8023
2022-03-03,40.73,39.0374,54.6961,176.308
2022-03-04,41.3141,38.7758,56.1527,171.9935
2022-03-07,42.0177,40.3194,55.7484,179.4345
2022-03-08,42.7122,38.1739,55.0492,171.206
2022-03-09,41.5537,38.529,56.3205,170.6204
2022-03-10,41.7407,37.8145,57.803,175.6862
2022-03-11,41.1106,38.585,58.1799,177.4106
2022-03-14,40.776,38.5781,56.4085,174.5089
2022-03-15,41.4496,37.0594,55.8252,174.5339
2022-03-16,41.091,37.1534,56.4671,177.5936
2022-03-17,40.0155,36.7726,56.5077,181.9552
2022-03-18,39.807,35.9884,58.134,178.7296
2022-03-21,40.1968,36.9387,56.7437,181.4868
2022-03-22,40.064,36.7151,57.4639,182.4239
2022-03-23,40.0815,36.915,56.8417,186.5168
2022-03-24,40.9902,38.1347,58.2349,191.7954
2022-03-25,41.4621,38.8488,58.1795,190.5021
2022-03-28,41.7626,37.8601,59.2926,185.0769
2022-03-29,41.7262,37.5521,58.6289,186.5666
2022-03-30,41.045,37.8855,57.183,193.3343
2022-03-31,40.6906,37.4781,56.0739,196.023
2022-04-01,40.6674,38.4491,55.4871,196.9472
2022-04-04,41.1566,39.3151,54.4947,206.6562
2022-04-05,41.0636,38.4259,55.7073,202.4223
2022-04-06,41.5792,38.2406,57.089,206.1318
2022-04-07,41.0759,38.0239,57.3933,203.8138
2022-04-08,40.4459,38.0928,56.3573,204.0366
2022-04-11,41.1517,38.0489,56.2598,204.4232
2022-04-12,40.9712,38.5552,55.5917,210.7316
2022-04-13,41.7367,39.095,57.0887,206.844
2022-04-14,42.0973,39.1011,57.4373,204.6627
2022-04-15,41.2899,40.2209,57.9687,198.2649
2022-04-18,41.1134,39.9566,57.5762,200.2263
2022-04-19,40.5816,39.7931,55.5512,198.4195
2022-04-20,39.6921,38.7512,54.8074,200.1211
2022-04-21,39.5709,41.0019,53.7383,195.8908
2022-04-22,39.9823,39.9466,54.1193,194.5073
2022-04-25,40.1196,40.855,54.2351,198.6111
2022-04-26,39.7025,39.3811,53.4795,197.9396
2022-04-27,39.4766,39.7322,53.128,200.452
2022-04-28,39.4535,38.3256,54.6692,202.6016
2022-04-29,38.9011,38.7403,53.7547,201.1957
2022-05-02,38.1164,38.9716,52.895,195.0358
2022-05-03,38.2956,36.3948,52.6991,198.9376
2022-05-04,38.7222,38.0206,52.0609,199.6379
2022-05-05,38.7529,38.5782,51.6813,203.6231
2022-05-06,38.176,37.9145,52.199,195.6088
2022-05-09,38.3298,37.9925,53.8737,189.2606
2022-05-10,38.8383,38.4185,52.1963,181.3394
2022-05-11,37.751,36.3352,52.2001,178.2048
2022-05-12,37.4872,37.0782,52.2599,181.9756
2022-05-13,37.9829,36.3441,52.2019,184.0656
2022-05-16,39.2622,35.9359,52.0472,183.9583
2022-05-17,39.8023,36.702,51.75,184.4603
2022-05-18,40.3886,37.3091,52.715,187.3072
2022-05-19,40.6544,37.5041,52.2964,186.1973
2022-05-20,39.7321,38.6238,52.1975,187.6969
2022-05-23,40.1569,37.7588,52.2183,188.2418
2022-05-24,39.7156,39.7685,52.3404,180.2034
2022-05-25,40.3206,38.7752,52.2005,178.8397
2022-05-26,40.6094,38.9498,53.1692,183.7847
2022-05-27,41.1259,39.304,53.1821,182.3536
2022-05-30,41.0266,39.4483,53.3704,181.8507
2022-05-31,41.1329,39.7351,53.3423,179.6748
2022-06-01,41.036,39.8903,52.4088,177.9595
2022-06-02,41.6343,39.1354,51.6524,182.0236
2022-06-03,41.1292,41.0226,50.7056,181.0683
2022-06-06,41.7482,43.0562,50.9021,177.4228
2022-06-07,41.7685,39.3212,50.2726,166.7354
2022-06-08,42.5832,40.3151,49.341,164.853
2022-06-09,42.7976,39.6405,49.5728,158.51
2022-06-10,43.2288,39.6071,50.0635,152.8478
2022-06-13,44.1677,40.5976,48.521,155.3136
2022-06-14,43.8793,38.1976,50.0394,157.5464
2022-06-15,44.1041,38.2108,50.0886,151.6349
2022-06-16,44.581,38.8971,50.0138,154.2547
2022-06-17,44.0643,37.8403,51.0039,155.694
2022-06-20,43.3587,37.1866,51.0884,153.2884
2022-06-21,43.7409,37.9517,50.5564,155.572
2022-06-22,43.9467,37.8369,52.6145,150.6073
2022-06-23,44.1105,39.2658,51.6274,147.0374
2022-06-24,43.4287,37.9813,51.5573,142.8783
2022-06-27,42.8794,40.2095,52.3705,139.7512
2022-06-28,42.479,39.0606,51.3924,142.243
2022-06-29,42.1049,41.3617,51.3186,138.5131
2022-06-30,41.8283,40.4351,51.6976,135.3736
2022-07-01,41.5437,38.5516,54.0031,132.8346
2022-07-04,41.0076,40.7125,53.1635,133.3682
2022-07-05,41.113,39.4787,53.1391,132.4785
2022-07-06,41.8331,39.8009,53.7945,134.7966
2022-07-07,42.0323,41.0898,53.8945,132.9057
2022-07-08,42.3838,38.5389,52.7613,129.535
2022-07-11,43.1934,38.0479,53.1716,128.2483
2022-07-12,42.4558,39.8678,53.2959,128.3506
2022-07-13,43.2601,39.1302,53.7467,125.9876
2022-07-14,43.1148,39.6696,54.8745,126.6925
2022-07-15,43.0342,38.6986,55.9068,131.3795
2022-07-18,43.8843,38.2323,56.3412,129.8559
2022-07-19,44.4535,39.9199,56.6797,129.9632
2022-07-20,45.0139,41.8215,55.5922,133.5155
2022-07-21,44.6314,41.9948,55.4802,131.7836
2022-07-22,44.386,41.7622,55.7229,129.5543
2022-07-25,45.0464,42.4779,55.3443,126.7338
2022-07-26,44.3693,42.8231,55.4638,127.7269
2022-07-27,43.5556,42.4252,54.6678,129.0256
2022-07-28,43.9586,43.8815,56.2211,128.618
2022-07-29,44.2017,42.7756,58.4651,128.6993
2022-08-01,44.0755,41.5182,58.0798,131.9893
2022-08-02,42.6048,41.8675,58.5233,134.2647
2022-08-03,41.7828,42.2389,58.3004,130.5177
2022-08-04,41.9599,42.5689,59.6647,130.4538
2022-08-05,41.7935,41.6388,60.1578,130.6866
2022-08-08,41.6184,41.3535,60.2657,132.5369
2022-08-09,42.2316,41.479,60.0476,131.8984
2022-08-10,42.5665,40.6199,60.2081,130.1574
2022-08-11,42.5233,40.6577,59.1573,128.9189
2022-08-12,42.8271,42.152,59.905,124.3633
2022-08-15,42.8253,40.6857,59.1637,124.246
2022-08-16,42.5212,41.2132,59.76,122.7173
2022-08-17,42.6203,40.9229,59.9235,123.8102
2022-08-18,43.3227,40.8774,61.1407,121.2367
2022-08-19,43.3811,40.4366,61.1465,120.1245
2022-08-22,43.0786,41.4702,62.3079,117.7359
2022-08-23,43.1476,40.2534,61.3065,115.1912
2022-08-24,43.4688,39.2434,62.0075,116.7506
2022-08-25,44.1344,39.9368,61.7826,115.6046
2022-08-26,43.5191,39.0651,62.0238,116.5684
2022-08-29,43.3614,37.7243,62.1288,113.9202
2022-08-30,43.1423,38.1817,63.21,114.0718
2022-08-31,44.6963,38.715,60.9778,110.2138
2022-09-01,44.9731,38.1387,61.358,109.0946
2022-09-02,43.8852,39.9391,59.7533,107.9324
2022-09-05,44.7461,39.7717,61.0899,109.1239
2022-09-06,45.6381,40.5475,58.9823,109.4421
2022-09-07,44.925,40.1634,57.9493,108.9833
2022-09-08,44.6406,40.9291,56.2519,110.7451
2022-09-09,44.7694,41.9648,57.9596,111.0889
2022-09-12,45.9488,41.5617,56.6529,112.2074
2022-09-13,46.422,40.951,56.7919,113.8555
2022-09-14,45.3996,42.4817,56.2693,113.6191
2022-09-15,46.5204,41.9326,54.4975,112.8688
2022-09-16,47.1053,43.4962,54.1893,113.5221
2022-09-19,48.2673,44.1262,54.8615,112.4933
2022-09-20,48.0112,43.5323,54.7017,113.2798
2022-09-21,45.9781,43.6106,55.6585,115.7249
2022-09-22,46.3539,44.9304,55.3192,117.6246
2022-09-23,46.1505,43.955,55.3482,116.6389
2022-09-26,46.2161,44.3313,54.9881,113.5921
2022-09-27,45.6231,45.7462,55.3514,113.3743
2022-09-28,45.8,45.9226,57.2989,112.9988
2022-09-29,45.8989,42.2991,57.6968,115.4286
2022-09-30,45.2504,44.0248,57.9223,114.4561
2022-10-03,45.5511,43.1013,57.304,113.8859
2022-10-04,45.2066,43.0784,56.5526,115.4753
2022-10-05,46.0698,42.1216,58.086,114.2852
2022-10-06,46.0987,41.8685,56.9575,113.8277
2022-10-07,44.9366,41.7395,56.0514,117.6924
2022-10-10,45.9707,41.1447,55.9755,121.1444
2022-10-11,46.2729,41.7776,55.5698,122.5742
2022-10-12,46.4472,42.7015,57.5844,123.1297
2022-10-13,47.6682,42.6089,55.2054,120.6693
2022-10-14,47.3743,43.4329,55.5878,121.9194
2022-10-17,45.674,44.3432,56.3281,121.9579
2022-10-18,46.2187,42.3619,55.2255,122.3932
2022-10-19,45.4627,41.4094,54.6103,121.0308
2022-10-20,44.9368,41.8108,55.0592,120.8998
2022-10-21,45.1219,41.2076,56.7208,120.3543
2022-10-24,43.5374,41.6853,55.811,121.0124
2022-10-25,43.1482,42.6598,54.2686,124.4061
2022-10-26,42.3766,41.0671,55.249,125.2014
2022-10-27,42.3804,41.6939,56.808,121.023
2022-10-28,42.4707,42.4084,56.489,118.6011
2022-10-31,42.9084,40.814,54.304,114.8128
2022-11-01,42.7285,41.351,55.7642,112.9129
2022-11-02,42.7714,40.1789,55.5875,114.0827
2022-11-03,42.8081,39.849,56.7462,114.9013
2022-11-04,41.6649,39.718,56.7245,113.4388
2022-11-07,41.8024,41.2447,56.3647,113.9464
2022-11-08,42.2303,40.7077,55.9305,112.1418
2022-11-09,43.6071,41.0512,57.4567,108.9135
2022-11-10,44.4216,41.416,58.9831,105.8084
2022-11-11,44.7605,41.9593,56.7792,103.9204
2022-11-14,43.8886,42.6605,55.8527,106.817
2022-11-15,44.6403,42.9084,57.6912,103.9064
2022-11-16,44.332,44.3538,57.334,106.4248
2022-11-17,44.6904,42.8262,55.9694,109.1878
2022-11-18,44.5557,43.5228,55.9963,108.6965
2022-11-21,44.2883,43.0678,55.9095,108.4947
2022-11-22,44.5765,42.7318,55.834,107.0805
2022-11-23,44.8958,41.153,55.3762,106.9326
2022-11-24,44.1607,41.7328,55.0901,108.25
2022-11-25,44.5356,41.2191,54.6617,108.1724
2022-11-28,45.4163,42.1903,55.0132,110.247
2022-11-29,45.2464,41.0914,54.236,112.7867
2022-11-30,45.2062,42.8687,53.9755,113.459
2022-12-01,45.1179,42.5576,53.8573,114.0978
2022-12-02,45.2753,42.9731,55.1601,113.8531
2022-12-05,44.7512,42.6509,55.5544,114.5372
2022-12-06,45.3922,42.0352,55.4669,111.9143
2022-12-07,46.4896,42.3361,56.0273,112.7192
2022-12-08,46.4357,41.5451,56.4609,113.0768
2022-12-09,47.1938,41.3181,57.6004,111.0439
2022-12-12,47.8097,42.8509,58.1512,115.8093
2022-12-13,47.5745,42.4241,60.0836,113.4783
2022-12-14,47.934,41.9167,61.5802,111.4228
2022-12-15,47.701,41.5838,61.5594,111.9384
2022-12-16,49.4615,41.3346,61.1262,107.5913
2022-12-19,48.4159,41.091,62.1299,105.805
2022-12-20,47.3317,42.1475,62.7354,102.5365
2022-12-21,47.5613,40.2242,62.6538,100.482
2022-12-22,47.5124,42.3746,61.0345,100.1207
2022-12-23,47.5171,42.4258,59.0779,100.6647
2022-12-26,46.6639,43.3345,59.4732,102.8086
2022-12-27,46.3987,43.12,60.3282,104.3758
2022-12-28,47.0979,41.7674,61.2315,106.7703
2022-12-29,47.2748,41.272,59.8531,107.9273
2022-12-30,47.3357,41.0221,61.0056,106.8193
2023-01-02,48.2813,41.3219,60.446,109.1181
2023-01-03,47.6508,41.1465,60.8945,107.9545
2023-01-04,46.9583,40.0033,61.3775,106.5348
2023-01-05,46.2735,40.6063,60.5214,109.7301
2023-01-06,45.3026,38.8993,59.9046,111.3609
2023-01-09,45.3827,39.9506,57.7336,111.7397
2023-01-10,45.5984,38.9491,56.8114,113.3188
2023-01-11,45.0099,40.0604,55.0197,115.2108
2023-01-12,45.8204,40.8054,55.4768,112.0067
2023-01-13,45.567,40.4079,55.5603,111.6858
2023-01-16,44.4476,39.994,56.5046,108.9777
2023-01-17,44.2741,39.8097,56.8912,109.1351
2023-01-18,43.6532,40.2181,56.2674,107.5747
2023-01-19,42.4379,40.6402,56.6418,110.4235
2023-01-20,42.1904,41.1626,56.2676,111.4616
2023-01-23,42.7294,39.3496,56.9106,109.5587
2023-01-24,41.2741,39.1884,57.2575,109.4084
2023-01-25,41.71,39.2903,56.2702,106.6849
2023-01-26,41.9607,39.8475,56.2949,106.664
2023-01-27,42.4,38.3276,56.3735,107.7276
2023-01-30,41.9327,40.7213,56.0846,108.1863
2023-01-31,42.1056,40.0239,57.0181,103.989
2023-02-01,42.2302,39.7944,58.8272,103.1899
2023-02-02,43.1383,40.6945,58.4625,104.1382
2023-02-03,43.0592,41.5199,58.1178,104.6699
2023-02-06,42.7678,41.6359,55.8354,107.0132
2023-02-07,43.4448,41.8742,55.7282,104.1925
2023-02-08,43.3212,40.3341,55.3145,105.1805
2023-02-09,43.4025,40.8356,53.2253,103.7143
2023-02-10,43.0126,40.9728,53.5238,104.0121
2023-02-13,43.2815,40.1197,54.1179,104.7504
2023-02-14,42.7358,40.491,53.4289,106.0885
2023-02-15,43.7914,40.1317,53.093,104.7634
2023-02-16,43.2612,40.5817,52.1982,105.0421
2023-02-17,42.7989,39.4649,52.9408,102.5109
2023-02-20,42.013,39.2303,51.5349,99.5569
2023-02-21,41.4482,40.1194,51.2656,100.5632
2023-02-22,41.547,38.7597,53.1193,100.3491
2023-02-23,41.3011,39.6095,53.1899,97.052
2023-02-24,41.2054,39.5902,53.6613,95.3166
2023-02-27,41.1481,39.1519,53.5412,95.2527
2023-02-28,40.8279,38.3619,52.4422,98.1571
2023-03-01,40.5848,39.2825,52.4324,100.1233
2023-03-02,40.8131,39.5363,52.8385,101.6264
2023-03-03,41.3829,38.9765,51.8956,97.9595
2023-03-06,42.9569,40.1421,52.2365,97.6657
2023-03-07,42.0256,38.6857,53.4417,98.4971
2023-03-08,41.2529,40.7886,54.5024,99.1703
2023-03-09,41.093,39.5181,52.9928,99.8923
2023-03-10,41.6789,40.5646,52.0914,99.3219
2023-03-13,42.1326,37.8226,50.6204,102.765
2023-03-14,42.1671,38.9356,51.6265,105.7307
2023-03-15,41.7549,38.7033,52.2177,105.4202
2023-03-16,41.6756,38.6988,52.9039,103.2652
2023-03-17,40.9056,37.6418,52.0949,107.4787
2023-03-20,40.1187,38.108,51.0327,106.1844
2023-03-21,40.3626,38.1163,51.1239,108.6396
2023-03-22,39.8757,35.8256,51.2374,112.7463
2023-03-23,39.9504,35.5853,50.4757,110.5215
2023-03-24,40.1718,35.7662,50.6253,111.0466
2023-03-27,40.748,34.8564,51.2366,110.1597
2023-03-28,40.0198,35.424,51.4679,111.1807
2023-03-29,40.1944,35.2994,50.5342,111.7756
2023-03-30,39.956,34.7183,48.668,116.0852
2023-03-31,39.5248,34.8614,48.4611,117.3376
2023-04-03,40.0035,36.0181,48.6241,117.1916
2023-04-04,40.1408,35.3248,48.4164,119.7316
2023-04-05,40.4674,35.3602,48.0638,118.9549
2023-04-06,40.1875,35.3824,47.4882,117.9629
2023-04-07,39.6556,33.9861,48.1232,123.2309
2023-04-10,38.9497,34.3637,48.0971,121.0946
2023-04-11,40.0319,33.8904,48.2231,119.7881
2023-04-12,40.2487,33.8745,47.4061,119.7651
2023-04-13,40.777,35.4993,46.8984,117.1348
2023-04-14,40.5847,34.4781,47.0557,112.1769
2023-04-17,41.244,36.1951,46.2303,114.4473
2023-04-18,41.0311,34.7993,45.2122,112.5445
2023-04-19,41.0966,34.3006,44.9631,111.2136
2023-04-20,41.462,36.4214,45.9641,110.2701
2023-04-21,41.8611,37.2172,46.1408,108.0107
2023-04-24,42.4245,35.7821,47.3881,105.6019
2023-04-25,41.9728,35.1481,47.2949,105.8281
2023-04-26,41.8919,36.2833,47.0505,110.9071
2023-04-27,42.6296,37.1367,45.9044,112.4315
2023-04-28,42.6593,35.7863,45.4489,114.0008
2023-05-01,42.0013,34.9833,46.657,110.5007
2023-05-02,41.0358,36.4565,46.9517,110.3285
2023-05-03,41.1317,35.9381,47.5944,107.6322
2023-05-04,40.5775,35.7555,48.2216,109.1896
2023-05-05,40.7097,36.9394,48.2326,108.5757
2023-05-08,41.0226,36.7298,48.0743,108.5416
2023-05-09,41.184,37.7653,48.1968,108.233
2023-05-10,41.0231,37.0485,48.8023,106.8619
2023-05-11,42.6281,37.065,49.2258,103.5477
2023-05-12,43.7,37.4989,49.6836,104.6421
2023-05-15,44.1733,36.4487,49.8415,101.6777
2023-05-16,43.7046,38.0636,49.1752,99.1977
2023-05-17,43.3526,38.7246,48.9638,98.5027
2023-05-18,43.5644,39.5997,48.1603,97.0167
2023-05-19,42.8748,39.8087,49.0588,97.4206
2023-05-22,42.3306,39.2235,47.2561,99.3021
2023-05-23,42.2532,39.3926,47.09,99.6899
2023-05-24,42.5078,40.8889,49.1772,99.9757
2023-05-25,41.9373,39.8246,48.8954,99.9144
2023-05-26,41.5425,39.7199,47.9259,101.5341
2023-05-29,40.9766,41.9404,47.9296,97.7485
2023-05-30,41.3526,40.6573,49.0746,98.3626
2023-05-31,41.4392,40.7637,48.9527,96.4403
2023-06-01,41.4935,39.2535,49.5159,93.9898
2023-06-02,41.9818,38.9245,49.6249,93.8974
2023-06-05,42.236,39.4732,49.3127,93.0723
2023-06-06,42.1449,39.3384,52.2107,94.0627
2023-06-07,41.4603,40.1504,52.2985,96.0527
2023-06-08,42.7521,38.0938,51.816,91.5883
2023-06-09,42.7806,39.1053,51.3815,91.3572
2023-06-12,42.7096,38.1826,51.7554,94.9038
2023-06-13,41.7311,38.2544,52.1589,96.4607
