date,portfolio_return,portfolio_equity
2022-06-01,0.0,10000.0
2022-06-02,0.0,10000.0
2022-06-03,0.0,10000.0
2022-06-06,0.0,10000.0
2022-06-07,0.029500816871136728,10295.008168711369
2022-06-08,0.003079382992380579,10326.710441772517
2022-06-09,-0.00807662242195209,10243.305500673492
2022-06-10,-0.00582676704716172,10183.620145728159
2022-06-13,0.011171988302882305,10297.39143087723
2022-06-14,0.0020414513331350054,10318.413054341607
2022-06-15,-0.007951355253042018,10236.36768649891
2022-06-16,0.007892933073968622,10317.16265156898
2022-06-17,-0.0012239424704639072,10304.535038025042
2022-06-20,-0.009162290885970868,10210.121890561979
2022-06-21,0.006591565941192798,10277.422582271234
2022-06-22,-0.00661757069529164,10209.411011767666
2022-06-23,-0.0051886353680974835,10156.438100704565
2022-06-24,-0.012144487700282765,10033.093363111875
2022-06-27,-0.01036288751370971,9929.1215451754
2022-06-28,-0.005273536080121079,9876.75996446301
2022-06-29,0.01288899237883631,10004.061448372568
2022-06-30,-0.013300287739777076,9871.004552542801
2022-07-01,-0.020353508368449905,9670.094978777614
2022-07-04,0.01971779683758917,9860.767946969341
2022-07-05,-0.011818456165741198,9744.228893227539
2022-07-06,-0.0002953374157365671,9741.351057847867
2022-07-07,0.0068892903027711104,9808.462053226587
2022-07-08,-0.027220289953222163,9541.472872142582
2022-07-11,-0.006803021743355487,9476.56202472976
2022-07-12,0.01614921128620649,9629.601027133962
2022-07-13,-0.010904836978109586,9524.59179776883
2022-07-14,0.006034740869986388,9582.07024116076
2022-07-15,0.0013613104845814304,9595.114413844047
2022-07-18,-0.007000884065880661,9527.940130233865
2022-07-19,0.02536566376067646,9769.622655909234
2022-07-20,0.035006482954191245,10111.6227848822
2022-07-21,-0.0018946565530601138,10092.46473251075
2022-07-22,0.0010192997869552277,10102.751979662453
2022-07-25,-0.004428103460664663,10058.015948659071
2022-07-26,-0.0031170361245114048,10026.664749606189
2022-07-27,0.005810279767364577,10084.922476934973
2022-07-28,-0.01681336630582503,9915.360981164416
2022-07-29,0.0008553542290380111,9923.842127112093
2022-08-01,0.011044241032835474,10033.443431535725
2022-08-02,-0.004247908413816854,9990.822282763349
2022-08-03,-0.002236944536380785,9968.47336744397
2022-08-04,-0.00862559926010681,9882.48931094135
2022-08-05,0.011873584669908685,9999.82988452428
2022-08-08,0.00289233028861827,10028.75269538032
2022-08-09,0.003545597866833009,10064.310619544056
2022-08-10,0.01612750787699235,10226.62286833725
2022-08-11,0.0023324316125853547,10250.47576680535
2022-08-12,-0.024832310627093828,9995.932768488541
2022-08-15,0.025821021569756835,10254.037964113522
2022-08-16,-0.006564762267579612,10186.722642596382
2022-08-17,0.001830751241147562,10205.37199771754
2022-08-18,-0.0002611865190687423,10202.706492129657
2022-08-19,0.0033153688111107957,10236.532227022579
2022-08-22,-0.009002979740182123,10144.372934772973
2022-08-23,-0.0025238755279409545,10118.769800176595
2022-08-24,0.0013222123718379126,10132.148962794168
2022-08-25,-0.0018403681450070992,10113.502078602574
2022-08-26,0.0014074527355104071,10127.736354768693
2022-08-29,-0.006166307181981964,10065.285621347062
2022-08-30,0.009617387280990672,10162.087371261343
2022-08-31,-0.01127616609392633,10047.49798620201
2022-09-01,-0.014731902700562504,9899.479223485185
2022-09-02,0.03720693271682729,10267.808480885025
2022-09-05,-0.006529168092580473,10200.768233370904
2022-09-06,0.007280784471036102,10275.037828317068
2022-09-07,-0.0022687540704035693,10251.726294420523
2022-09-08,0.0191472501377786,10448.018662123832
2022-09-09,0.016928883151169413,10624.891949216164
2022-09-12,-0.0009485619382510656,10614.813581115108
2022-09-13,-0.0011181122177095233,10602.945028361355
2022-09-14,0.011925283917694185,10729.388158188269
2022-09-15,-0.0002953374157365671,10726.219368417194
2022-09-16,0.0,10726.219368417194
2022-09-19,0.0,10726.219368417194
2022-09-20,0.0,10726.219368417194
2022-09-21,0.0,10726.219368417194
2022-09-22,0.0,10726.219368417194
2022-09-23,0.0,10726.219368417194
2022-09-26,0.0,10726.219368417194
2022-09-27,0.0,10726.219368417194
2022-09-28,-0.00036441391069622965,10722.310584870163
2022-09-29,0.052440844799970625,11284.597610148421
2022-09-30,-0.03300462128996338,10912.153739615846
2022-10-03,0.01840151832702416,11112.95393664269
2022-10-04,0.0003166729270444593,11116.473108293918
2022-10-05,0.016241014969370332,11297.015914452322
2022-10-06,0.002003543692697254,11319.649979434023
2022-10-07,-0.00734893905544479,11236.462561606195
2022-10-10,-0.0003377182415666698,11232.66780322846
2022-10-11,0.0,11232.66780322846
2022-10-12,0.0,11232.66780322846
2022-10-13,0.0,11232.66780322846
2022-10-14,0.0,11232.66780322846
2022-10-17,0.0,11232.66780322846
2022-10-18,0.013679820514855633,11386.328682679623
2022-10-19,0.010359497422275241,11504.285325317021
2022-10-20,-0.0002953374157365671,11500.887679419146
2022-10-21,0.0,11500.887679419146
2022-10-24,0.0,11500.887679419146
2022-10-25,0.0,11500.887679419146
2022-10-26,0.0,11500.887679419146
2022-10-27,0.0,11500.887679419146
2022-10-28,0.0,11500.887679419146
2022-10-31,0.015959412568793553,11684.43509080235
2022-11-01,-0.005898687406656587,11615.512260678337
2022-11-02,0.010031633872216247,11732.0348269157
2022-11-03,-0.0015234284371186838,11714.16191143511
2022-11-04,-0.004371327108798103,11662.955477914806
2022-11-07,0.01396434602482591,11825.821023880548
2022-11-08,-0.0008870387219199275,11815.331062713869
2022-11-09,0.003385133524184033,11855.327535993596
2022-11-10,-0.001188631987302894,11841.235914464361
2022-11-11,-0.0005569040693716514,11834.641481997205
2022-11-14,0.012743423095917953,11985.4553255908
2022-11-15,-0.005075163818649722,11924.627176372318
2022-11-16,0.017465807497662925,12132.900419116237
2022-11-17,0.013844219916179533,12300.870960739587
2022-11-18,-0.0065692522560547575,12220.06343642931
2022-11-21,0.0015759534838982899,12239.321687975409
2022-11-22,0.00483809048128929,12298.536633731439
2022-11-23,0.015027246168152332,12483.349771234562
2022-11-24,-0.002706293376838228,12449.566164427913
2022-11-25,-0.004625283421474767,12391.983392443033
2022-11-28,0.012789425238882263,12550.469737602154
2022-11-29,-0.0002953374157365671,12546.763114303569
2022-11-30,0.0,12546.763114303569
2022-12-01,0.0,12546.763114303569
2022-12-02,0.0,12546.763114303569
2022-12-05,0.0,12546.763114303569
2022-12-06,0.0,12546.763114303569
2022-12-07,0.0,12546.763114303569
2022-12-08,0.0,12546.763114303569
2022-12-09,-0.007648883556525232,12450.794384230954
2022-12-12,0.008341038692221282,12554.646941938716
2022-12-13,-0.001767552983030393,12532.455938285599
2022-12-14,-0.00661047266977997,12449.610480820338
2022-12-15,-0.0010966799265475999,12435.957242912687
2022-12-16,-0.01435245550655592,12257.47071990235
2022-12-19,0.0050304184155765645,12319.130926340136
2022-12-20,0.0165857275140853,12523.452675094755
2022-12-21,-0.03759517166818916,12052.631321896126
2022-12-22,0.03552647476947878,12480.818824459298
2022-12-23,0.0021813865236906364,12508.044314447598
2022-12-26,0.025932811934517606,12832.41307532278
2022-12-27,-0.0006330556573032369,12824.289443628593
2022-12-28,0.0,12824.289443628593
2022-12-29,0.0,12824.289443628593
2022-12-30,0.0,12824.289443628593
2023-01-02,-0.004496362903431896,12766.626784311387
2023-01-03,0.00290082910260474,12803.66058682941
2023-01-04,-0.004660604713499488,12743.987785948386
2023-01-05,0.02246552584848574,13030.288172966395
2023-01-06,-0.01757535916416669,12801.276178313918
2023-01-09,0.018540467527527364,13038.617823608858
2023-01-10,-0.01487971878327439,12844.606857070969
2023-01-11,0.03115796192682292,13244.818628488594
2023-01-12,0.007833846003017796,13348.576497962076
2023-01-13,-0.004451709128134152,13289.1525181185
2023-01-16,0.004483056321684669,13348.728537324683
2023-01-17,-0.0005179881644021062,13341.814053932532
2023-01-18,0.009531058395355995,13468.975662780545
2023-01-19,0.004418565774405302,13528.489217660404
2023-01-20,0.003035878529085796,13569.56006760727
2023-01-23,-0.012521354323310875,13399.650797989309
2023-01-24,-0.00021324066813822496,13396.793447500326
2023-01-25,-0.002392888017915818,13364.73642098131
2023-01-26,0.009191639551903849,13487.58026086917
2023-01-27,-0.022598591891923092,13182.77993894423
2023-01-30,0.04176276182742694,13733.329237757738
2023-01-31,-0.002857590568785057,13694.0850056499
2023-02-01,0.004086592335695096,13750.047148478348
2023-02-02,0.015976812576021775,13969.72907468105
2023-02-03,0.007813672304141166,14078.883959848241
2023-02-06,-0.0002953374157365671,14074.725938643081
2023-02-07,0.0,14074.725938643081
2023-02-08,0.0,14074.725938643081
2023-02-09,0.0,14074.725938643081
2023-02-10,0.0,14074.725938643081
2023-02-13,0.0,14074.725938643081
2023-02-14,0.0,14074.725938643081
2023-02-15,0.0,14074.725938643081
2023-02-16,0.0,14074.725938643081
2023-02-17,0.0,14074.725938643081
2023-02-20,-0.00969251288487802,13938.306476131656
2023-02-21,0.01646119324747664,14167.747632577817
2023-02-22,-0.016306666010240705,13936.718903815992
2023-02-23,0.006412516684155524,14026.088346309098
2023-02-24,-0.0032510157769088887,13980.48931180693
2023-02-27,-0.007976227497212314,13868.977748533613
2023-02-28,-0.009485421698081397,13737.424646067464
2023-03-01,0.02111803332454552,14027.53203753655
2023-03-02,0.009634750464397263,14162.683808349551
2023-03-03,-0.02209826628235005,13849.713050279917
2023-03-06,0.02040677507114518,14132.341029296884
2023-03-07,-0.017635211287942792,13883.114209251971
2023-03-08,0.041749936652570464,14462.733348028642
2023-03-09,0.008469696314422915,14585.22830736292
2023-03-10,-0.004306782714132074,14522.4128982071
2023-03-13,0.026753299524975804,14910.935360298205
2023-03-14,0.0035109303321261055,14963.286615535048
2023-03-15,-0.0001616873078252352,14960.867242005965
2023-03-16,0.002445440456887567,14997.453152029691
2023-03-17,-0.01199527496805415,14817.554577650584
2023-03-20,0.0002739240746706586,14821.61346257715
2023-03-21,0.0004104315416926881,14827.696720240969
2023-03-22,-0.019612863085604455,14536.883134592015
2023-03-23,-0.00504611336476728,14463.528374324493
2023-03-24,0.0022547962559639964,14496.14068395095
2023-03-27,-0.0061964888089492505,14406.315510429893
2023-03-28,0.024989169610043976,14766.317372175832
2023-03-29,-0.007054992390150277,14662.141115484588
2023-03-30,-0.011688465907900005,14490.763178919427
2023-03-31,0.009727888817220216,14631.727712000626
2023-04-03,0.018714332392597125,14905.55072788098
2023-04-04,-0.01495280224627577,14682.670975475143
2023-04-05,-0.0034119568363703986,14632.574335864192
2023-04-06,0.00046572307437177125,14639.389063369865
2023-04-07,-0.019715223029353527,14350.770242972048
2023-04-10,0.013335447096147713,14542.144180336174
2023-04-11,-0.014234578041829933,14335.142894105635
2023-04-12,-0.005586028197016258,14255.066381690904
2023-04-13,0.02599766773476475,14625.664861019119
2023-04-14,-0.017224107278947094,14373.750840427
2023-04-17,0.04641863625840185,15040.960752357678
2023-04-18,-0.0456224261699113,14354.755630908707
2023-04-19,-0.019073274514685306,14080.96343616916
2023-04-20,0.061433642248956616,14946.008306427415
2023-04-21,0.011980974737295947,15125.076054370134
2023-04-24,-0.02542097161130456,14740.581925373172
2023-04-25,-0.012265857641420042,14559.776045924853
2023-04-26,0.044259320155084915,15204.181835327778
2023-04-27,0.005116565685047633,15281.97503037564
2023-04-28,-0.02666889913878079,14874.421579649184
2023-05-01,-0.004989481525828542,14800.205927970139
2023-05-02,0.037300152485211145,15352.255865895952
2023-05-03,-0.007795812964983699,15232.572550574854
2023-05-04,0.003550568588534296,15286.656844195495
2023-05-05,0.021321505380789054,15612.591380353284
2023-05-08,-0.0005989047606354121,15603.240925049735
2023-05-09,0.0,15603.240925049735
2023-05-10,0.0,15603.240925049735
2023-05-11,0.0,15603.240925049735
2023-05-12,0.0,15603.240925049735
2023-05-15,0.0,15603.240925049735
2023-05-16,0.026552968808131686,16017.553294638343
2023-05-17,0.012611110464427486,16219.552428606883
2023-05-18,0.0033127380536409155,16273.283557150151
2023-05-19,-0.0002953374157365671,16268.477447638834
2023-05-22,0.0,16268.477447638834
2023-05-23,0.0,16268.477447638834
2023-05-24,0.0,16268.477447638834
2023-05-25,0.01263202710719225,16473.981295750153
2023-05-26,-0.005534007571544119,16382.814158525996
2023-05-29,-0.03270558355699447,15847.00466116561
2023-05-30,0.022105828942891554,16197.315835462543
2023-05-31,0.003959671128359227,16261.451879333137
2023-06-01,0.03199905000065501,16781.802891103165
2023-06-02,0.009836807066409358,16946.88224836946
2023-06-05,-0.005241644813488845,16858.052710927488
2023-06-06,-0.0011507967571113419,16838.65251853654
2023-06-07,-0.02480095619443384,16421.037835051022
2023-06-08,0.027613847234838427,16874.485865265622
2023-06-09,0.007568567031290166,17002.201542655443
2023-06-12,0.0021252276155403448,17038.335090898876
2023-06-13,0.004848508410454759,17120.945601887248
