ticker_a,ticker_b,lookback,entry_z,exit_z,total_return,annualized_return,annualized_volatility,sharpe_ratio,max_drawdown,entries,exits,turnover,win_rate,average_trade_return,cointegration_p_value
ALPHA,BETA,60,1.5,0.25,3.6150871216103617,0.8436223379585095,0.27565780505519105,3.0603970665354567,-0.1174999665915678,29,29,58.0,0.9655172413793104,0.055605326150847546,1.2933190591754426e-16
ALPHA,BETA,60,1.5,0.5,3.2845507248833714,0.7896253196067353,0.26229978292835454,3.010392577497543,-0.1144505960833101,31,31,62.0,0.967741935483871,0.0495448283585391,1.2933190591754426e-16
ALPHA,BETA,90,1.5,0.5,2.6885229604894985,0.6855475027640918,0.2469909085834445,2.7755981250317294,-0.11445059608330965,26,26,52.0,0.9615384615384616,0.05301332646263497,1.2933190591754426e-16
ALPHA,BETA,40,1.5,0.5,2.761854244294447,0.6988724976868188,0.2739564205195304,2.5510352937210903,-0.11262970632624925,32,32,64.0,0.96875,0.0436696747360739,1.2933190591754426e-16
ALPHA,BETA,40,2.0,0.25,2.2701482615533064,0.6063011757168979,0.23962412336307004,2.530217605838673,-0.09846310231738598,18,18,36.0,0.9444444444444444,0.07002479756003172,1.2933190591754426e-16
ALPHA,BETA,40,2.5,0.5,1.0699157541644162,0.33776881556176774,0.1356074144975242,2.4907842746897475,-0.05074541001367394,9,9,18.0,1.0,0.08535045657170892,1.2933190591754426e-16
ALPHA,BETA,90,1.5,0.25,2.5172112444826684,0.6537862667372001,0.2664966980246991,2.453262166410057,-0.09368418935069223,25,24,49.0,0.92,0.05318368552347006,1.2933190591754426e-16
ALPHA,BETA,40,2.0,0.5,1.8972449505695654,0.5303616918344636,0.2170893005795159,2.4430577205724684,-0.10550635044020129,19,19,38.0,0.9473684210526315,0.05892932164225456,1.2933190591754426e-16
ALPHA,BETA,40,2.5,0.25,1.3169379757845823,0.39947699295075734,0.17392242797086713,2.2968687685159943,-0.0633741690901436,10,10,20.0,0.9,0.09013259931901749,1.2933190591754426e-16
ALPHA,BETA,60,2.5,0.5,0.8645525861334986,0.28300944806467787,0.12384723154470395,2.2851495712483705,-0.05074541001367383,7,7,14.0,1.0,0.09424888752125796,1.2933190591754426e-16
ALPHA,BETA,40,1.5,0.25,2.6185672344203303,0.6726869112107459,0.2999565537739649,2.242614481154679,-0.14479359923657542,29,29,58.0,0.9310344827586207,0.046880578748409146,1.2933190591754426e-16
ALPHA,BETA,60,2.5,0.25,1.0394620727733725,0.32986101039016225,0.17191131604666887,1.9187859064531545,-0.09685415144064569,9,9,18.0,0.8888888888888888,0.08604422502043561,1.2933190591754426e-16
ALPHA,BETA,90,2.0,0.5,1.1972493969426323,0.37009834454216484,0.19372499789579806,1.9104315321311063,-0.10640613450669745,13,13,26.0,0.9230769230769231,0.06419558043841364,1.2933190591754426e-16
ALPHA,BETA,60,2.0,0.25,1.3127343952339734,0.39846082085491297,0.20884963414950283,1.907883738832307,-0.13981052661751114,13,13,26.0,0.9230769230769231,0.06936159725802385,1.2933190591754426e-16
ALPHA,BETA,90,2.0,0.25,1.1757666351050529,0.36472430153361324,0.21127391914708105,1.7263101049387253,-0.14616607314785823,14,14,28.0,0.9285714285714286,0.06009876594882709,1.2933190591754426e-16
ALPHA,BETA,60,2.0,0.5,1.052357238804833,0.33321804445738623,0.19653833099810794,1.695435403186537,-0.10640613450669734,13,13,26.0,0.9230769230769231,0.058391060562455216,1.2933190591754426e-16
ALPHA,BETA,90,2.5,0.5,0.541335220102892,0.1889369953916613,0.12759171627189064,1.4807935884258143,-0.08282352419242167,6,6,12.0,0.8333333333333334,0.07728798286784173,1.2933190591754426e-16
ALPHA,BETA,90,2.5,0.25,0.5246586407258931,0.18377468336756086,0.1551701814668395,1.184342775334282,-0.11202792598995703,6,6,12.0,0.8333333333333334,0.0780711729270603,1.2933190591754426e-16
ALPHA,BETA,90,1.5,0.0,0.21868985568612143,0.08232397413445258,0.4068160097293598,0.20236168726304501,-0.2397968615068956,25,24,49.0,0.6,0.010665097525880003,1.2933190591754426e-16
ALPHA,BETA,60,2.5,0.0,0.08769948198007604,0.034197702595517576,0.3492608377127112,0.09791450658904768,-0.21949507211024766,18,17,35.0,0.4444444444444444,0.008007525110849031,1.2933190591754426e-16
ALPHA,BETA,90,2.5,0.0,0.08769948198007604,0.034197702595517576,0.3492608377127112,0.09791450658904768,-0.21949507211024766,18,17,35.0,0.4444444444444444,0.008007525110849031,1.2933190591754426e-16
ALPHA,BETA,60,1.5,0.0,-0.11999725108781734,-0.049846852134151076,0.42291340635258073,-0.11786538659073392,-0.291214905938989,27,27,54.0,0.5185185185185185,-0.0007153462689054343,1.2933190591754426e-16
ALPHA,BETA,60,2.0,0.0,-0.12868775026688561,-0.053611339660423085,0.4103694880030282,-0.13064163206019713,-0.36382709710506833,25,24,49.0,0.52,-0.0023024736974709458,1.2933190591754426e-16
ALPHA,BETA,90,2.0,0.0,-0.12868775026688561,-0.053611339660423085,0.4103694880030282,-0.13064163206019713,-0.36382709710506833,25,24,49.0,0.52,-0.0023024736974709458,1.2933190591754426e-16
ALPHA,BETA,40,2.0,0.0,-0.2599508558474247,-0.11344797876093027,0.4289529469683651,-0.26447651091507,-0.41693328774373517,28,28,56.0,0.4642857142857143,-0.006397717317968772,1.2933190591754426e-16
ALPHA,BETA,40,2.5,0.0,-0.2771067203807861,-0.12172671055522366,0.412380145830751,-0.29518082232111803,-0.405735615949418,26,25,51.0,0.46153846153846156,-0.009084933884382453,1.2933190591754426e-16
ALPHA,BETA,40,1.5,0.0,-0.36099989323622506,-0.1640113671088761,0.42242214599896394,-0.3882641302363877,-0.5197504153851238,29,28,57.0,0.41379310344827586,-0.011339620740128876,1.2933190591754426e-16
BETA,DELTA,40,1.5,0.5,2.7068116294494926,0.6888854987950865,0.3233977144856552,2.1301495586965355,-0.22731738202243312,40,40,80.0,0.825,0.035219567901508965,7.55780397109993e-08
BETA,DELTA,40,2.0,0.5,1.5960984076314855,0.46463180350125,0.24887582578413975,1.866922197193408,-0.17718387092068277,24,24,48.0,0.875,0.04240646956013797,7.55780397109993e-08
BETA,DELTA,60,1.5,0.5,1.7866390828934082,0.5067190856907857,0.2802948243548225,1.8078075000390836,-0.17718387092068266,29,29,58.0,0.7931034482758621,0.037984478749510796,7.55780397109993e-08
BETA,DELTA,40,1.5,0.25,1.8500237940978845,0.5203353525795904,0.3510385686479623,1.4822740264230247,-0.2514186781287979,36,35,71.0,0.75,0.03175136584802928,7.55780397109993e-08
BETA,DELTA,90,1.5,0.5,1.1606263631046856,0.36091771828084607,0.2612000429366453,1.3817674538759075,-0.18048112278150452,21,21,42.0,0.7619047619047619,0.039770953631653116,7.55780397109993e-08
BETA,DELTA,60,1.5,0.25,1.3668986350293975,0.4114706883041559,0.30450043384341585,1.3512975436867445,-0.17718387092068222,25,25,50.0,0.76,0.03729701428819436,7.55780397109993e-08
BETA,DELTA,60,2.0,0.5,0.8965557153065242,0.2917731169593605,0.23569959144160002,1.2379025147001748,-0.19638529091806267,17,17,34.0,0.8235294117647058,0.04027663126436782,7.55780397109993e-08
BETA,DELTA,90,1.5,0.25,1.033931971715151,0.3284174421117938,0.2894068250095221,1.1347950833605538,-0.17718387092068266,21,21,42.0,0.6666666666666666,0.03747940092640185,7.55780397109993e-08
BETA,DELTA,60,2.5,0.25,0.6720162820753055,0.22827666438433059,0.20652153819345936,1.1053407135215703,-0.19638529091806256,12,12,24.0,0.75,0.046504490195004966,7.55780397109993e-08
BETA,DELTA,90,2.0,0.5,0.677397597387043,0.22985640330609303,0.21448785617054741,1.0716522949594196,-0.19873953258617783,13,13,26.0,0.7692307692307693,0.0431843711255594,7.55780397109993e-08
BETA,DELTA,60,2.5,0.5,0.5730758984980109,0.19867064809368262,0.1989548821129344,0.9985713644408563,-0.196385290918063,12,12,24.0,0.75,0.04098452344586676,7.55780397109993e-08
BETA,DELTA,60,2.0,0.25,0.7170571657794103,0.2414061761575068,0.2489446037600742,0.9697184534683357,-0.1987395325861776,15,15,30.0,0.8,0.038805249898198016,7.55780397109993e-08
BETA,DELTA,90,2.0,0.25,0.5987625907271519,0.2064618433660781,0.22918312905721416,0.9008596933613563,-0.19638529091806256,13,13,26.0,0.7692307692307693,0.039465726695937904,7.55780397109993e-08
BETA,DELTA,40,2.0,0.25,0.7278574550578836,0.2445236798890731,0.2924670109151393,0.8360726877330544,-0.25141867812879803,25,24,49.0,0.76,0.02423043709410712,7.55780397109993e-08
BETA,DELTA,90,2.5,0.25,0.41062611668481774,0.14753190224338764,0.1951252135690436,0.7560883575468045,-0.19638529091806267,9,9,18.0,0.6666666666666666,0.04236201706309246,7.55780397109993e-08
BETA,DELTA,90,2.5,0.5,0.33417803330885887,0.12223940607349038,0.18524397261477904,0.659883311440806,-0.196385290918063,9,9,18.0,0.6666666666666666,0.03558670493068355,7.55780397109993e-08
BETA,DELTA,40,2.5,0.5,0.14784900663435452,0.05670534723794418,0.1580865546862085,0.3586981027608616,-0.19638529091806245,7,7,14.0,0.7142857142857143,0.02205352155679687,7.55780397109993e-08
BETA,DELTA,40,2.5,0.25,0.03992414532472455,0.015782355643430224,0.2059474087466407,0.07663294109636452,-0.19638529091806245,9,9,18.0,0.5555555555555556,0.006309815105718906,7.55780397109993e-08
BETA,DELTA,90,2.5,0.0,0.013054852768312974,0.005201630803939317,0.41690700262719116,0.012476717280258176,-0.3499207985307311,25,24,49.0,0.52,0.00465040080227078,7.55780397109993e-08
BETA,DELTA,90,2.0,0.0,-0.27573081531091603,-0.12105843411774764,0.42530103377440714,-0.28464175843494605,-0.5113443688783249,25,24,49.0,0.48,-0.00828870183458096,7.55780397109993e-08
BETA,DELTA,60,2.0,0.0,-0.2918709802632248,-0.1289462455517697,0.43171833071322874,-0.29868142346131454,-0.4855584953152634,27,26,53.0,0.37037037037037035,-0.009719556557655665,7.55780397109993e-08
BETA,DELTA,60,1.5,0.0,-0.29656873249241766,-0.13126230235597747,0.43190273576553584,-0.3039163484883202,-0.4304454087554773,27,26,53.0,0.4074074074074074,-0.009078307419829698,7.55780397109993e-08
BETA,DELTA,60,2.5,0.0,-0.3222247602300786,-0.14407782181306994,0.4374236737955023,-0.3293781988590472,-0.5276314013325776,27,26,53.0,0.4444444444444444,-0.010858612311708942,7.55780397109993e-08
BETA,DELTA,40,2.5,0.0,-0.33855082506409473,-0.15238508209558543,0.4417409310989577,-0.34496482297097464,-0.5113443688783268,27,26,53.0,0.4444444444444444,-0.01089723441980693,7.55780397109993e-08
BETA,DELTA,40,1.5,0.0,-0.3472889311044294,-0.156881942197879,0.44349597164610105,-0.3537392721191771,-0.4283812714101408,28,27,55.0,0.4642857142857143,-0.011977614669136728,7.55780397109993e-08
BETA,DELTA,40,2.0,0.0,-0.3472889311044294,-0.156881942197879,0.44349597164610105,-0.3537392721191771,-0.4283812714101408,28,27,55.0,0.4642857142857143,-0.011977614669136728,7.55780397109993e-08
BETA,DELTA,90,1.5,0.0,-0.3746926551542834,-0.1712235308463409,0.4243988802029394,-0.4034495349386056,-0.49301566693671517,25,24,49.0,0.4,-0.014042254532858562,7.55780397109993e-08
BETA,GAMMA,60,2.0,0.5,1.647561143573276,0.47617688122169777,0.2556724254855763,1.8624491097048759,-0.1376907430147315,21,21,42.0,0.9047619047619048,0.049434082230724465,5.749035663338795e-05
BETA,GAMMA,40,1.5,0.5,1.9646407783304296,0.5445032667127647,0.29602462977052824,1.8393850104123148,-0.22735282493733766,39,39,78.0,0.8717948717948718,0.029886943634273352,5.749035663338795e-05
BETA,GAMMA,40,2.0,0.5,1.2921444870375516,0.3934673460710245,0.23749902975948387,1.6567113830717133,-0.14051233218219372,22,22,44.0,0.9090909090909091,0.04038160255313185,5.749035663338795e-05
BETA,GAMMA,60,1.5,0.5,1.7255767686132994,0.49342482940122534,0.30202219509687855,1.6337369816246494,-0.22735282493733755,30,30,60.0,0.8333333333333334,0.03564706691973599,5.749035663338795e-05
BETA,GAMMA,90,1.5,0.5,1.4809577488652543,0.43829426010962624,0.3028689740219258,1.4471414958400344,-0.1435165492368501,26,26,52.0,0.8076923076923077,0.037455687599524785,5.749035663338795e-05
BETA,GAMMA,90,2.0,0.5,1.0105255100984358,0.322281236303688,0.24281947190299252,1.3272462615042702,-0.1402526385935372,16,16,32.0,0.8125,0.04651418010232923,5.749035663338795e-05
BETA,GAMMA,60,2.0,0.25,1.1031753305206293,0.3463258720200302,0.2850825449948896,1.2148266461779988,-0.20894048277797672,20,20,40.0,0.8,0.039664590126808605,5.749035663338795e-05
BETA,GAMMA,60,1.5,0.25,1.2257129605589157,0.37717034358280555,0.3295756048065883,1.144412201880501,-0.20894048277797672,29,29,58.0,0.7931034482758621,0.02946892799650243,5.749035663338795e-05
BETA,GAMMA,90,2.0,0.25,1.0785159671372497,0.33998934801905323,0.29953869729131044,1.135043155003119,-0.14025263859353698,22,22,44.0,0.7727272727272727,0.0355532194022548,5.749035663338795e-05
BETA,GAMMA,90,1.5,0.25,1.014220085875658,0.3232526395835975,0.32208520639317195,1.003624609784159,-0.15543490762638945,27,27,54.0,0.7037037037037037,0.028174582782695842,5.749035663338795e-05
BETA,GAMMA,40,1.5,0.25,0.9195473692085336,0.2980144688029396,0.33375998497078874,0.8929005339840914,-0.2089404827779765,31,31,62.0,0.7419354838709677,0.023165367649950634,5.749035663338795e-05
BETA,GAMMA,60,2.5,0.5,0.3614044642332934,0.1313444954920655,0.15524905898385158,0.8460244226390284,-0.13769074301473183,7,7,14.0,0.8571428571428571,0.047279908022085405,5.749035663338795e-05
BETA,GAMMA,60,2.5,0.25,0.3631766995339314,0.13193336565665503,0.1606106838634611,0.8214482528996306,-0.1376907430147314,7,7,14.0,0.8571428571428571,0.047468133549792846,5.749035663338795e-05
BETA,GAMMA,40,2.0,0.25,0.7306376962320857,0.2453243031462644,0.3004669296793009,0.8164768861854708,-0.2089404827779766,22,22,44.0,0.7272727272727273,0.0277232221941857,5.749035663338795e-05
BETA,GAMMA,40,2.5,0.5,0.34179105438582,0.12479650145577392,0.15448272110177122,0.8078346922278745,-0.13769074301473172,8,8,16.0,0.875,0.039337506299034125,5.749035663338795e-05
BETA,GAMMA,40,2.5,0.25,0.3445931430874294,0.12573548735146112,0.17363269798993106,0.724146366479616,-0.13769074301473172,8,8,16.0,0.875,0.039635282111452536,5.749035663338795e-05
BETA,GAMMA,90,2.5,0.5,0.26772380680816554,0.09953702597054592,0.17825165299300108,0.5584073095493491,-0.14495575483115442,8,8,16.0,0.75,0.032207321754109064,5.749035663338795e-05
BETA,GAMMA,90,2.5,0.25,0.2703402734118987,0.10044420229762241,0.2268224296064094,0.4428318772174202,-0.14025263859353665,10,10,20.0,0.6,0.026367339921952004,5.749035663338795e-05
BETA,GAMMA,90,2.0,0.0,0.03195372015019804,0.012661008903449122,0.38174820524095276,0.033165863597073665,-0.22656861613386492,25,24,49.0,0.52,0.004615401887788208,5.749035663338795e-05
BETA,GAMMA,90,2.5,0.0,-0.0443953124513069,-0.018000405223111082,0.3816676651350935,-0.04716251039170356,-0.2861542771157659,24,23,47.0,0.5833333333333334,0.0009356872631859081,5.749035663338795e-05
BETA,GAMMA,60,1.5,0.0,-0.14770758128966988,-0.061929561678047085,0.40673181915433976,-0.15226141344635516,-0.3034074008985943,28,27,55.0,0.4642857142857143,-0.00252585080103163,5.749035663338795e-05
BETA,GAMMA,40,1.5,0.0,-0.18427663382219484,-0.07824147888436361,0.408543394396785,-0.191513263847742,-0.3189495156465266,28,27,55.0,0.4642857142857143,-0.0034289740607150215,5.749035663338795e-05
BETA,GAMMA,40,2.0,0.0,-0.1952410465734744,-0.08321747425665371,0.4030514996293237,-0.2064685885877778,-0.34550014890609004,28,27,55.0,0.39285714285714285,-0.003805589854656296,5.749035663338795e-05
BETA,GAMMA,40,2.5,0.0,-0.1952410465734744,-0.08321747425665371,0.4030514996293237,-0.2064685885877778,-0.34550014890609004,28,27,55.0,0.39285714285714285,-0.003805589854656296,5.749035663338795e-05
BETA,GAMMA,60,2.0,0.0,-0.20385919410019138,-0.08715728575203974,0.40260149796948336,-0.21648524953736298,-0.39214070431159087,27,27,54.0,0.4074074074074074,-0.004368981800532591,5.749035663338795e-05
BETA,GAMMA,60,2.5,0.0,-0.2034258957083782,-0.08695859290004215,0.3538475700854487,-0.24575156155245886,-0.3761584974647011,21,20,41.0,0.47619047619047616,-0.007921963958373386,5.749035663338795e-05
BETA,GAMMA,90,1.5,0.0,-0.2513100999548912,-0.10932186765102381,0.38207308669357826,-0.2861281557334597,-0.3353846016868123,25,24,49.0,0.4,-0.00825781304607061,5.749035663338795e-05
